id	name
16931	morbidanibal
17014	satanicmartyr
17030	nigeru_genjitsu
17055	crimson_tidebex
17156	gfdgdxz
17158	razormeaway
17268	dream_cereal
17287	egg_whites99
17394	theresonlyusxx
17598	perl_sfu
17676	cassiecain32120
17714	ladyindustrial
17766	adisa_x
17859	euterpe_81
17860	silverrobyn
17863	eggy_the_elf
17877	goosfan
17904	glass_vein
17907	malakijr
17908	carnal_pariah
17994	suraci
18005	kittenzslicez
18079	interlocked_red
18081	rzrbldekisses
18098	missy821
18117	darkangel217
18138	jaydans_suicide
18161	incnt_lil_girl
18177	shameful_beauty
18186	paperxdollx
18217	rainbow_scars1
18218	the_ladder_down
18224	batty_mcbatson
18227	scarred_canvas
18261	girsevilmonkey
18300	aflattuesday
18334	alltoofamiliar
18366	kesf
18398	daydreamdaily
18479	xink
18481	penguingirlie
18529	mayapurple
18539	maggiethecat57
18542	sexiliciousash
18549	jeebybaby
18597	sagedelirium
18625	sally_stitches
18648	cutting_monkey
18715	mymagicwardrobe
18744	lacy_leigh
18778	kionethan
18864	idontwant2bme
18875	_kittycore_
18943	applesofsin
18989	submissivecunt
19113	leathergoddess
19119	pinkybrat
19125	greeneggs96
19141	bleakshadows
19152	hawkeviper
19183	_ihaveissues_
19207	smilinbabyshell
19221	xxdollxfacexx
19300	sarrah16
19304	silent_days
19330	xradio_ga_gax
19380	ibelieveinkarma
19392	mindcontrol_
19395	scab_picker
19400	ericamcm
19440	eyes_of_angels_
19447	henry_dribble
19457	blood_rayne55
19483	inhereyesifall
19518	xshardsx
19535	witchsmoon
19539	madchentot
19548	sivvks
19556	mxprincess31
19561	free_me_please
19571	ephemeral_lies
19574	sarabeth21014
19693	dose_of_failure
19699	commanderbanana
19741	shadow1290
19745	krazyside
19783	mr_liam_to_you
19784	latex_is_love
19816	ajgrl57
19909	fadedmistake
19928	insanetrash
19954	beautifullies86
19984	thewhackjob
20093	lenaschreien
20230	p0ly_g1rl
20248	trtrmnslv
20295	alice_is_stoned
20399	xbeautifulxliex
20417	samsgonenutz
20420	angelus1919
20425	xout_of_faithx
20578	lostdreams33
20803	rainbowfaerie13
20895	dying_angel101
21109	raiyne
21123	catatonic
21128	evileyejibi
21193	nes482
21211	callmetiki
21228	viel_of_shadows
21229	roseshards
21233	_babydawl
21292	phyrablaze
21306	xoxofriend
21313	unsound_mind
21390	vunja
21392	eat_glass
21394	fresh_dreams
21493	visceral_pus
21504	zackwolk
21507	musecalliopeia
21519	pix1415
21544	cyanide101
21555	bitterbetrayel
21584	drowningspirit
21602	cuttindreams
21613	somanytearsicry
21644	charlie_healy
21716	mellyv1185
21723	pinkxledxdoors
21733	bromoryn
21737	save_goodbye
21766	walk_away_cold
21782	_4got10_
21784	whatitallmeans
21906	here_is_now
21907	you_sleep_alone
21968	lonelyxsuicidal
21979	cuttin_edgegoth
21988	__scared__
21995	rebelofsuicide
22002	____magpie
22004	joanisme08
22039	allseeingeyedog
22066	3nerak
22100	lost_love_lost
22124	qod1121
22230	sorakachan
22601	ssshhh123
24495	black_kitten
24768	kaceyjane
26625	adrenaline3426
28167	littlecreep
28515	cottonears
28661	razor00sharp
28669	punkd_princess
28703	selfharmhome
29328	str8jackit
29382	persistance
29757	scarsnstarz
29958	lostkittycat
31572	bloodyprinces04
32091	xx_ntagatf_xx
34349	gweneth_syeira
35652	stetnee
36440	secondangel
37650	angel_that_died
38001	bronwyn_88
38055	_lost_fairy_
38175	kittychan969
38535	dracopet
38557	___sensational
38567	cutting_2_live
40660	twisted_kitty91
42855	contortion_13
45096	starxinajar
45821	code_slave
45839	deardearfriend
46012	cry_for_you
48068	__xsurprisex
48071	alifeofregret
48521	notacrnflkgirl
49699	lildevilgurl172
54517	dark_red
60077	gothcheshirecat
60201	black_number_1
60303	holls137
61253	ladyjaja
61411	acidic_x_eyes
61414	39__smooth
61488	szepasszony
61775	nini2599
61982	_killthepain
62158	ms_insatiable
62245	lostinside00
62327	heliocentrism
62385	featherfalling
64492	sarahrachel88
64574	_xdollvermilsin
64674	grammer_of_skin
65552	realitysgonemad
65581	angelsonfire
65680	bleeding_kiti
66163	wolflupin
66187	perfctleimprfct
66192	sunshinejulz
67028	lilweirdgurl17
67651	xthisgirlkills
67886	silentsecret
69056	the_other_me_2
69058	goth_kittykat
69650	the_remy
69790	notgoodenuf4ne1
70017	witheringxfast
70778	yours_in_death
72806	my_sympathy
72840	synocence
72858	l0st_freak2oo7
72875	languidbuterfly
72922	beckatsila
73013	tbschemer
73204	xcriesxofxpainx
73446	opaleyes
74656	theatre_no
77587	shona
78298	abstruse_soul
80024	asanalace
80093	arkady
80479	spawnofsatan666
80611	misanthropette
80832	gothrose
80867	__only_dust__
80874	pandorasboxers
81303	flyfreeizzie
81858	nextdrinksonme
82649	silverana
82658	schlenk666
82688	juiliette
82722	bizzeh
86400	roshi
86424	user_friendly
86903	sticklikepretty
88849	shery_dewinter
91045	everywhereto_me
91214	fighting4truth
91265	orpheusawakened
91267	_rainbowfun_
91284	angel2beagain
92572	_____so___not
93105	fushingfeef
93711	secretzandliez
94089	sinfulxsugar
95235	xwipexmyxtearsx
95259	poetic_eternity
95554	falllenshadows
95678	blade_addict
95971	th1ss0ulw0ntdi3
98112	sweetprince
99197	dirtywings13
99267	nxdxfanatic
99620	alt_grrl67
99988	twiztidkittn684
100140	allblood_nroses
100210	luckylove
100358	minutesofme
101251	gangsterrrrr
101819	satansrose
102632	jennifer19
103200	san_san
104977	toobloodyright
106435	aralyn_faith
107061	adison4eva
108236	kattlady
108807	hot_grace7
110572	greychild
110689	fabla
112484	ppsantos89
112596	drivefasterboys
112716	misskittydemon
112789	luv_jades
113404	jinx4life13
113889	igitha
114103	ever_x_after
114565	lost_cosmos
114570	devlsbabygurl06
114575	_invisable2you_
114725	lunarecho
114732	bluefireflame
116395	xo_kates_xo
116469	sea_of_sorrows
116470	for_worse
116593	carebear10943
117151	charcoalgreen
117216	machinery
117843	my_own_weakness
121930	jennymariep
122816	bactine
123263	xxdarkworld86
124623	maggot_princess
127687	ohliveuh
128303	yoursforever_me
128830	nightime_angel
128909	rye_the_random
129444	ninvampiress
129944	temblabamomo
129991	eponine254
132880	__recidivist
133465	kalaidescope
138904	callously_cruel
139055	brokenveins
139057	chibi_pixie
139061	dramaticfaerie
139134	piano_cabaret
139144	untitledscream
139192	killersmiles
139225	severed_parts4u
140470	helpx_ambulance
140702	iikhushi86ii
141158	deadguttergirl
142108	noxlongerxfine
142528	asraei
142822	tzipora
143911	jaded_13
147391	wanderingaround
149655	kath_rupert_dan
151080	darkprincess17
152381	___pinkballoons
153078	faerywings219
154226	psycho_taunt
154228	narcotic_beauty
154675	jtggodqos
155161	celestialvoodoo
157320	viking_girl
158382	the_real_etoile
159980	queenofdelosers
160019	gothicpunk2000
161655	sleepytime18424
161751	inishsilkey
161772	wiltedroses16
164231	obido
164252	kristoni_boloni
164902	theoreticlmufin
165289	mydarkestfantsy
165760	problmchild911
167160	hana_banana
167299	iced_pink
167421	iheartnapoleon
168758	_wheniamqueen_x
168910	dnccc
170207	toastysoul
170238	kcobain_baby420
170751	fadingfast
170871	cuio
171436	sirensong666
171456	penetratedxsoul
171489	kissxhard
171509	mina_forsaken
171531	turkish_dlight
171539	shortazzrebel
171734	winters_scream
171902	slowpete
171936	sugared_chaos
171950	stormynightfire
172017	parvenew
172027	thinkinonmymind
172160	ginaamaya
172192	theangelicbeing
172232	broken_reverie
172234	made_of_pain
172235	painisbeauty666
172239	xdrivethrubabe
173573	biggerstaff
177080	boyslikeyouare
177090	cautionheart
177488	dramaticfreedom
180656	_ochre
183385	eloquentice
192407	rabies
193237	bloody_world
194074	h20polo24
194252	tainted__love__
194375	laracroft
194569	my2sadeyes
194654	uncut_version
196869	mosh_for_jesus
197203	crazybeeautiful
197222	cnaorte
197238	drkrverphnix
197330	emokidtiltheend
197338	xdelicate
197342	thisismycorner
197424	insane_aslyum
197456	lesbianinlove
197477	softbalprincess
197580	capnkiddsgirl
197582	xx_ass_bag_xx
197599	defy_gravity86
197642	weightlessdream
197645	whaleshit
197660	oxsilentearsxo
197680	unshed_teardrop
197691	bacardikisses__
197753	suffering_alone
197792	xmorbid_screamx
197891	xviolet_hillx
201862	blurredeyes
202991	inaperfectway
204545	earth_dragon
204785	macramequeen
204819	luz_y_vida
204838	allaloneunl0ved
204880	xonexlastxtimex
204894	nia_74656
204932	danceintherain9
204939	kaitly13
208046	mayann_x0
208327	forsakenlove
208345	uknowuwuvmewots
208347	erickah
208374	legally_blonde3
208423	hesgonenow
208465	devilkidd666
253395	sarahs_cutie
258094	xxgthgrlxx69
258798	obsessive_katy
258809	reader99
258842	mcniglet
258851	roboticemotions
258858	rogue_blade
258918	anarchychick27
259320	lunarose
259822	rozallin
260170	lachrymoseaeon
260177	deadly_dreamer
260185	closetosuicide
261155	wooden_dominoes
261522	defectus
261615	rrabbit
263649	perplexedangel
266106	luckysafire
267094	talkoutloudto17
267137	thenext2die
267375	white_swan
267521	pyro_babe
268192	nebulablue
268199	dancegrl7
268362	krn_chopstick
269064	jennjen
269072	zelaena
269128	flippet
269189	learn_to_dream
269321	bostondr
269771	fatsuite253
269782	pullupdapeople
270584	xperiment314
272131	ryodark
277080	dreamaria
278765	naatz
289940	heavens_goth666
289982	thelonlyone92
290297	lismariemoh
290309	sun_moon_starz_
290317	silver_heartbox
290333	xdiewithgracex
290336	luv_shain
290363	mooshakalaka
290369	zayneea
290373	haen
290375	petpenguins
291232	ashleys_mask
291367	magikaleyes
291370	ataristarzies
291402	cesario
291405	eleroach13
291436	iolarah
291437	xshadowedxpastx
291445	sweater_geek
291501	left_me_alone
291514	illus0ry_dreamz
291543	vomitedfeelings
291568	until_im_broken
291646	poetea_mors
291652	dylanosirisgirl
291713	specificallyq
291994	elleira
292024	mylifewithin
294170	punkrawkgirlie
294210	seabee
294321	life_sprinkles
294375	thurschild
294380	ex_eektay
294388	classiccaddygrl
294393	sohma_kodora
294471	mellow_jello
294485	auroralynx
294564	suburbanitespy
299064	coming_to_terms
299068	thai_knee
299079	aqua_varh
299874	symbolicating
299892	feydehway
299905	_virginstitch
300304	ihopeyouforget
300313	skinnedcartree
300334	qt200212
300373	marshmallowpop
301982	xxsarahxx
302005	crassxhole
302010	fwuitmajah
302015	waterdeep
302019	rockstar1008
302057	shyasme
302087	_trepanation_
302140	siouxsie_shadow
302155	cyanideeffect
302158	xscarredxfairyx
304340	chasereuben
304380	_nikky_
305063	silentdreamer39
305091	__insidejoke
305188	forgetmypain
305190	cazzcage
306344	salvationssoul
306387	cottoncandy7c
306396	evilsatanman
306410	qtamora
306430	maynard_lover
306450	mintchoco79
306457	xchrissyx
306482	serrated_mind
306525	victimoffate
306551	fallenangel515
306552	slightly_insane
306571	soft_shadow
306577	god_raped_soul
306610	jghf1985
306611	tenyjah
306633	fivedollarstory
306639	fakeface30
306641	murderedxalive
308797	sunshinemuffin
310068	nightchan
310105	rocketdog187
310203	cheesypunkett
310223	kaesora
310260	metalbutterfly
310274	xzcryingveinszx
310275	blacknbluemist
312145	lemonbox
312244	whispertoshiver
313674	delanie_rose_86
313704	revoless
313706	ungodlyhell666
313713	daddah115
313751	detached9
313826	danielle2094
313837	feyr
313843	ex_fatigue185
313906	sarahmon
313946	kasuperu
313974	fallingstar66
313976	opheliainlove
314013	ugly_duckling24
314018	thedawningday
314034	radicalshowtime
320589	girl2luv18
320617	auroraniteshade
320646	ruinher
320649	dizzychick15
320652	borntothenight
320665	skas_rude_grrl
320697	eeyore22
320726	raychiepaychie
320750	dudeimintheband
320797	die4themore
320799	strangeasang3ls
320815	transfixed_by
320822	masochist89
320833	princess_nikita
320842	amaranthine516
320848	penguinpushups
320865	dying_spoons
320879	edgeofdyin
320907	disturbed_one69
320944	athena2693
320954	_quietthings
320972	pain_everlong
321040	jcmmyhero
321046	laina_182
321088	alonetobleed
321144	ur_a_slank
321166	texanphoenix
321173	1thereelmeeh9
321181	girlxlnterupted
321187	yourxcreation
327078	ex_knife656
327121	sugarcandies
327126	sirengrrri
327189	hardonforjesus
327226	maelstro
327250	draco_caedes
327255	naisebo
327257	flesh_burner37
327269	lonelystarscryx
327278	raven_plateau
327317	bridgeymarie
327335	darkmindglitter
327405	nkdbeautynbeast
327413	bondage_faerie
327469	broken_kitten
328839	lunahalo
328853	amoswombat
328878	invizible_man
332969	kenren_taisho
332994	deepthoughts27
333044	its_hurting_me
333063	passingfeelin
334764	starless_mind
334773	skittles79
334789	purplebuttercup
334801	jamcracker
334822	okiko
334849	scarredpixie
334859	symptom_recital
334906	jemjemjemjem
336488	nothingwoman
336490	lovelikeadrug
336522	apres_
336534	jiesa
336552	peakfreak005
336560	emilyjillp
338768	healthhazard
338775	nosophoros
338834	xhappyxfoetusx
338854	sugarbuzzed
338857	xx_el_xx
338865	songwthoutwords
338885	rckmeamadeus
338916	sex__andcandy
338926	hollister_chic
338938	thensaidalmitra
338942	gossamertoes
338946	un_caring
338948	natesmyn4eva
338949	cafcow33
338963	drunkenkangaroo
338978	cwiktorski
339071	spytarwebb
339097	darkest_art507
352467	amatorian
359476	__king_ink__
370703	oudydarkbane
378734	pavlab
380606	beg_to_differ
393006	nyclovestory
403975	dreamabuser
422232	spaceboysp
428910	lvng4abrghtrday
453506	rapidnightmares
463575	xfatalpromisesx
472493	boolip
480253	justmalea
493482	nightly_cerra
505084	catching_tigers
573847	bathroomslut
580401	purplefeltangel
594054	so___sedated
594409	faeryscry4you
595998	black_heartxx
662039	the_blacksun
662551	fidel_085
674669	kerstin
763666	starlight_
795751	mooi_anders
1008807	istalkdeadguys
1029550	lady_lucifer
1125174	faithwatcher
1125204	good_in_ribbons
1125218	_omg_i_am_emo_
1125220	thinkin_alone
1125235	bloodtoburn
1125239	skatesandstuds
1125263	aqua_var
1125277	caffiene13
1125283	x__slitmythroat
1125329	thewaitressis11
1125342	wrathberryswirl
1125357	sidekick2point0
1125404	auryun
1125505	andy_lionhart
1125667	rancid_eggs
1125836	pritty_uglee_me
1125863	tourniquet00
1125911	toubabokoomi
1126109	wikidangl
1126133	sashaking
1126317	crumpled_sheets
1126433	unwantedyouth
1126458	snels1
1126518	_take_meaway
1126644	anti_social
1126964	fareana
1127071	johnlennon812
1127224	caligulas_lover
1127323	estevangd
1127381	koshka_red
1127435	on_timein_tempo
1127702	heratyck
1127733	magikclit
1127907	sademily
1127942	soylentblue
1127962	oxoxkiss
1128002	thesilentgirl
1128074	xdemonicax
1128169	cry_in_my_sleep
1128227	erislyte
1128228	geniusgrrl
1128241	gothgurlwings
1128264	hazel_kakayu
1128266	tigernmist
1128330	alliterator89
1128337	dyingtolive____
