dob	name
NULL	missy821
NULL	aralyn_faith
NULL	eggy_the_elf
NULL	paperxdollx
NULL	rainbow_scars1
NULL	heavens_goth666
NULL	xink
NULL	lismariemoh
NULL	sun_moon_starz_
NULL	silver_heartbox
NULL	kittenzslicez
NULL	interlocked_red
NULL	rzrbldekisses
NULL	silverrobyn
NULL	zayneea
NULL	euterpe_81
NULL	haen
NULL	suraci
NULL	petpenguins
NULL	mooshakalaka
NULL	penguingirlie
NULL	girsevilmonkey
NULL	ashleys_mask
NULL	perl_sfu
NULL	magikaleyes
NULL	cesario
NULL	eleroach13
NULL	poetic_eternity
NULL	bitterbetrayel
NULL	cuttindreams
NULL	mymagicwardrobe
NULL	th1ss0ulw0ntdi3
NULL	bactine
NULL	cyanide101
NULL	xshadowedxpastx
NULL	sweater_geek
NULL	yours_in_death
NULL	zackwolk
NULL	bromoryn
NULL	drowningspirit
NULL	somanytearsicry
NULL	left_me_alone
NULL	pinkxledxdoors
NULL	illus0ry_dreamz
NULL	pix1415
NULL	vomitedfeelings
NULL	until_im_broken
NULL	___sensational
NULL	you_sleep_alone
NULL	kionethan
NULL	mellyv1185
NULL	inishsilkey
NULL	madchentot
NULL	lonelyxsuicidal
NULL	darkangel217
NULL	__scared__
NULL	cuttin_edgegoth
NULL	incnt_lil_girl
NULL	idontwant2bme
NULL	charlie_healy
NULL	3nerak
NULL	visceral_pus
NULL	rebelofsuicide
NULL	alifeofregret
NULL	lost_love_lost
NULL	qod1121
NULL	specificallyq
NULL	_ochre
NULL	juiliette
NULL	seabee
NULL	fadingfast
NULL	minutesofme
NULL	life_sprinkles
NULL	thurschild
NULL	ex_eektay
NULL	xo_kates_xo
NULL	classiccaddygrl
NULL	abstruse_soul
NULL	witheringxfast
NULL	ryodark
NULL	bluefireflame
NULL	cuio
NULL	everywhereto_me
NULL	daydreamdaily
NULL	fabla
NULL	nightime_angel
NULL	__recidivist
NULL	thewhackjob
NULL	suburbanitespy
NULL	scarsnstarz
NULL	coming_to_terms
NULL	rainbowfaerie13
NULL	wooden_dominoes
NULL	feydehway
NULL	untitledscream
NULL	_virginstitch
NULL	dose_of_failure
NULL	dramaticfaerie
NULL	noxlongerxfine
NULL	cottonears
NULL	xwipexmyxtearsx
NULL	ihopeyouforget
NULL	skinnedcartree
NULL	deadly_dreamer
NULL	lachrymoseaeon
NULL	carnal_pariah
NULL	closetosuicide
NULL	qt200212
NULL	bronwyn_88
NULL	xthisgirlkills
NULL	faerywings219
NULL	my_own_weakness
NULL	marshmallowpop
NULL	xxsarahxx
NULL	crassxhole
NULL	dancegrl7
NULL	fwuitmajah
NULL	rockstar1008
NULL	nebulablue
NULL	shyasme
NULL	waterdeep
NULL	lunarose
NULL	blurredeyes
NULL	xout_of_faithx
NULL	siouxsie_shadow
NULL	ms_insatiable
NULL	cyanideeffect
NULL	xscarredxfairyx
NULL	silentdreamer39
NULL	__insidejoke
NULL	rye_the_random
NULL	razormeaway
NULL	jaded_13
NULL	theresonlyusxx
NULL	forgetmypain
NULL	cazzcage
NULL	adisa_x
NULL	celestialvoodoo
NULL	evilsatanman
NULL	maynard_lover
NULL	qtamora
NULL	xchrissyx
NULL	user_friendly
NULL	sally_stitches
NULL	wanderingaround
NULL	salvationssoul
NULL	cutting_monkey
NULL	rogue_blade
NULL	serrated_mind
NULL	victimoffate
NULL	fallenangel515
NULL	dirtywings13
NULL	nxdxfanatic
NULL	soft_shadow
NULL	brokenveins
NULL	bizzeh
NULL	mintchoco79
NULL	jghf1985
NULL	tenyjah
NULL	lacy_leigh
NULL	_____so___not
NULL	_kittycore_
NULL	fivedollarstory
NULL	fakeface30
NULL	murderedxalive
NULL	mayapurple
NULL	shona
NULL	penetratedxsoul
NULL	rocketdog187
NULL	mina_forsaken
NULL	iikhushi86ii
NULL	kissxhard
NULL	whatitallmeans
NULL	secretzandliez
NULL	xdiewithgracex
NULL	turkish_dlight
NULL	cheesypunkett
NULL	narcotic_beauty
NULL	kaesora
NULL	sirensong666
NULL	wiltedroses16
NULL	callously_cruel
NULL	mydarkestfantsy
NULL	mellow_jello
NULL	jinx4life13
NULL	scarred_canvas
NULL	metalbutterfly
NULL	blacknbluemist
NULL	egg_whites99
NULL	jeebybaby
NULL	made_of_pain
NULL	xdrivethrubabe
NULL	broken_reverie
NULL	deadguttergirl
NULL	painisbeauty666
NULL	lemonbox
NULL	starxinajar
NULL	cassiecain32120
NULL	fatsuite253
NULL	sticklikepretty
NULL	pullupdapeople
NULL	xx_ntagatf_xx
NULL	whispertoshiver
NULL	musecalliopeia
NULL	delanie_rose_86
NULL	roshi
NULL	ungodlyhell666
NULL	detached9
NULL	daddah115
NULL	danielle2094
NULL	gothrose
NULL	feyr
NULL	cottoncandy7c
NULL	sugared_chaos
NULL	ex_fatigue185
NULL	slowpete
NULL	opaleyes
NULL	asraei
NULL	sarahmon
NULL	razor00sharp
NULL	kalaidescope
NULL	parvenew
NULL	opheliainlove
NULL	unsound_mind
NULL	thinkinonmymind
NULL	xoxofriend
NULL	ugly_duckling24
NULL	thedawningday
NULL	radicalshowtime
NULL	gothicpunk2000
NULL	ruinher
NULL	dizzychick15
NULL	cnaorte
NULL	inaperfectway
NULL	xdelicate
NULL	thisismycorner
NULL	eeyore22
NULL	crazybeeautiful
NULL	drkrverphnix
NULL	borntothenight
NULL	kcobain_baby420
NULL	skas_rude_grrl
NULL	dudeimintheband
NULL	sinfulxsugar
NULL	insane_aslyum
NULL	uncut_version
NULL	raychiepaychie
NULL	dracopet
NULL	strangeasang3ls
NULL	h20polo24
NULL	devlsbabygurl06
NULL	transfixed_by
NULL	theoreticlmufin
NULL	girl2luv18
NULL	_killthepain
NULL	die4themore
NULL	amaranthine516
NULL	penguinpushups
NULL	samsgonenutz
NULL	featherfalling
NULL	cry_for_you
NULL	__xsurprisex
NULL	dying_spoons
NULL	problmchild911
NULL	masochist89
NULL	lesbianinlove
NULL	kristoni_boloni
NULL	disturbed_one69
NULL	notgoodenuf4ne1
NULL	stetnee
NULL	weightlessdream
NULL	allseeingeyedog
NULL	princess_nikita
NULL	xx_ass_bag_xx
NULL	ginaamaya
NULL	defy_gravity86
NULL	whaleshit
NULL	mindcontrol_
NULL	_xdollvermilsin
NULL	unshed_teardrop
NULL	joanisme08
NULL	___pinkballoons
NULL	bacardikisses__
NULL	_quietthings
NULL	cutting_2_live
NULL	39__smooth
NULL	kaceyjane
NULL	beckatsila
NULL	suffering_alone
NULL	obido
NULL	pain_everlong
NULL	edgeofdyin
NULL	secondangel
NULL	lilweirdgurl17
NULL	_lost_fairy_
NULL	deardearfriend
NULL	persistance
NULL	yoursforever_me
NULL	ajgrl57
NULL	jcmmyhero
NULL	xviolet_hillx
NULL	luv_shain
NULL	pyro_babe
NULL	allaloneunl0ved
NULL	my_sympathy
NULL	sunshinejulz
NULL	carebear10943
NULL	sarahs_cutie
NULL	xonexlastxtimex
NULL	ur_a_slank
NULL	jaydans_suicide
NULL	luz_y_vida
NULL	psycho_taunt
NULL	fushingfeef
NULL	texanphoenix
NULL	tainted__love__
NULL	1thereelmeeh9
NULL	poetea_mors
NULL	girlxlnterupted
NULL	_invisable2you_
NULL	yourxcreation
NULL	danceintherain9
NULL	luv_jades
NULL	_rainbowfun_
NULL	nia_74656
NULL	cautionheart
NULL	temblabamomo
NULL	crimson_tidebex
NULL	oxsilentearsxo
NULL	earth_dragon
NULL	kesf
NULL	ex_knife656
NULL	evileyejibi
NULL	sugarcandies
NULL	sirengrrri
NULL	viel_of_shadows
NULL	roseshards
NULL	nes482
NULL	_babydawl
NULL	mayann_x0
NULL	draco_caedes
NULL	naisebo
NULL	lonelystarscryx
NULL	raiyne
NULL	eat_glass
NULL	raven_plateau
NULL	fresh_dreams
NULL	vunja
NULL	maelstro
NULL	bridgeymarie
NULL	erickah
NULL	forsakenlove
NULL	sunshinemuffin
NULL	arkady
NULL	punkd_princess
NULL	hardonforjesus
NULL	legally_blonde3
NULL	thai_knee
NULL	uknowuwuvmewots
NULL	ataristarzies
NULL	kittychan969
NULL	save_goodbye
NULL	nkdbeautynbeast
NULL	bondage_faerie
NULL	kath_rupert_dan
NULL	hesgonenow
NULL	devilkidd666
NULL	broken_kitten
NULL	piano_cabaret
NULL	szepasszony
NULL	orpheusawakened
NULL	my2sadeyes
NULL	gothcheshirecat
NULL	heliocentrism
NULL	lunahalo
NULL	queenofdelosers
NULL	amoswombat
NULL	invizible_man
NULL	talkoutloudto17
NULL	holls137
NULL	alt_grrl67
NULL	rrabbit
NULL	kenren_taisho
NULL	deepthoughts27
NULL	defectus
NULL	thelonlyone92
NULL	_wheniamqueen_x
NULL	the_real_etoile
NULL	passingfeelin
NULL	selfharmhome
NULL	punkrawkgirlie
NULL	schlenk666
NULL	maggiethecat57
NULL	starless_mind
NULL	satansrose
NULL	purplebuttercup
NULL	skittles79
NULL	luckylove
NULL	spawnofsatan666
NULL	obsessive_katy
NULL	okiko
NULL	nightchan
NULL	mcniglet
NULL	jamcracker
NULL	san_san
NULL	reader99
NULL	symptom_recital
NULL	_trepanation_
NULL	macramequeen
NULL	anarchychick27
NULL	jemjemjemjem
NULL	nothingwoman
NULL	apres_
NULL	naatz
NULL	jiesa
NULL	learn_to_dream
NULL	flyfreeizzie
NULL	eloquentice
NULL	zelaena
NULL	peakfreak005
NULL	emilyjillp
NULL	sorakachan
NULL	bostondr
NULL	flippet
NULL	bleakshadows
NULL	nosophoros
NULL	hawkeviper
NULL	silentsecret
NULL	xhappyxfoetusx
NULL	fallingstar66
NULL	xxdollxfacexx
NULL	xx_el_xx
NULL	songwthoutwords
NULL	greeneggs96
NULL	_ihaveissues_
NULL	pinkybrat
NULL	henry_dribble
NULL	the_remy
NULL	hollister_chic
NULL	thensaidalmitra
NULL	leathergoddess
NULL	eyes_of_angels_
NULL	un_caring
NULL	gossamertoes
NULL	wolflupin
NULL	xradio_ga_gax
NULL	witchsmoon
NULL	sex__andcandy
NULL	asanalace
NULL	free_me_please
NULL	sivvks
NULL	natesmyn4eva
NULL	cafcow33
NULL	sarabeth21014
NULL	scab_picker
NULL	mxprincess31
NULL	batty_mcbatson
NULL	rckmeamadeus
NULL	drunkenkangaroo
NULL	sarrah16
NULL	commanderbanana
NULL	cwiktorski
NULL	krazyside
NULL	gweneth_syeira
NULL	latex_is_love
NULL	gfdgdxz
NULL	ericamcm
NULL	shadow1290
NULL	fadedmistake
NULL	lenaschreien
NULL	spytarwebb
NULL	p0ly_g1rl
NULL	alice_is_stoned
NULL	lostdreams33
NULL	insanetrash
NULL	adison4eva
NULL	good_in_ribbons
NULL	thinkin_alone
NULL	faithwatcher
NULL	bloodtoburn
NULL	_omg_i_am_emo_
NULL	blood_rayne55
NULL	skatesandstuds
NULL	aqua_var
NULL	caffiene13
NULL	flesh_burner37
NULL	walk_away_cold
NULL	aqua_varh
NULL	x__slitmythroat
NULL	thewaitressis11
NULL	wrathberryswirl
NULL	sidekick2point0
NULL	ladyindustrial
NULL	lost_cosmos
NULL	andy_lionhart
NULL	lostinside00
NULL	kaitly13
NULL	sleepytime18424
NULL	bloody_world
NULL	boolip
NULL	pritty_uglee_me
NULL	rancid_eggs
NULL	scarredpixie
NULL	contortion_13
NULL	toubabokoomi
NULL	tourniquet00
NULL	sashaking
NULL	spaceboysp
NULL	crumpled_sheets
NULL	healthhazard
NULL	chasereuben
NULL	twiztidkittn684
NULL	laracroft
NULL	xbeautifulxliex
NULL	falllenshadows
NULL	snels1
NULL	unwantedyouth
NULL	_take_meaway
NULL	nyclovestory
NULL	str8jackit
NULL	anti_social
NULL	alonetobleed
NULL	bathroomslut
NULL	__king_ink__
NULL	kerstin
NULL	fareana
NULL	istalkdeadguys
NULL	johnlennon812
NULL	purplefeltangel
NULL	caligulas_lover
NULL	starlight_
NULL	mooi_anders
NULL	estevangd
NULL	theatre_no
NULL	the_blacksun
NULL	fidel_085
NULL	black_heartxx
NULL	maggot_princess
NULL	heratyck
NULL	rapidnightmares
NULL	faeryscry4you
NULL	magikclit
NULL	xxgthgrlxx69
NULL	dying_angel101
NULL	toobloodyright
NULL	sademily
NULL	iheartnapoleon
NULL	soylentblue
NULL	winters_scream
NULL	xfatalpromisesx
NULL	xzcryingveinszx
NULL	oxoxkiss
NULL	darkprincess17
NULL	thesilentgirl
NULL	killersmiles
NULL	severed_parts4u
NULL	xdemonicax
NULL	dylanosirisgirl
NULL	shameful_beauty
NULL	thenext2die
NULL	its_hurting_me
NULL	alltoofamiliar
NULL	so___sedated
NULL	cry_in_my_sleep
NULL	beg_to_differ
NULL	nightly_cerra
NULL	eponine254
NULL	erislyte
NULL	geniusgrrl
NULL	gothgurlwings
NULL	lvng4abrghtrday
NULL	hazel_kakayu
NULL	tigernmist
NULL	pavlab
NULL	angel_that_died
NULL	alliterator89
NULL	dyingtolive____
NULL	ssshhh123
NULL	silent_days
0000-00-00	goosfan
0000-00-00	__only_dust__
0000-00-00	satanicmartyr
0000-00-00	elleira
0000-00-00	xxdarkworld86
0000-00-00	sea_of_sorrows
0000-00-00	acidic_x_eyes
0000-00-00	drivefasterboys
0000-00-00	tzipora
0000-00-00	tbschemer
1954-08-03	darkest_art507
1967-04-30	white_swan
1969-12-04	code_slave
1976-08-11	justmalea
1976-10-31	iolarah
1977-09-27	greychild
1978-07-15	sugarbuzzed
1979-07-10	rabies
1980-04-25	sagedelirium
1980-07-16	koshka_red
1981-03-02	charcoalgreen
1981-06-29	amatorian
1981-09-08	malakijr
1981-11-12	lostkittycat
1981-12-17	inhereyesifall
1982-02-19	misskittydemon
1982-02-28	biggerstaff
1982-06-26	the_other_me_2
1982-08-13	ibelieveinkarma
1982-12-05	sweetprince
1983-01-03	submissivecunt
1983-03-25	catatonic
1983-03-28	luckysafire
1983-08-28	machinery
1983-09-20	sexiliciousash
1983-12-07	nextdrinksonme
1984-02-22	darkmindglitter
1984-02-24	lunarecho
1984-04-04	jennjen
1984-06-11	auroraniteshade
1984-06-17	silverana
1984-06-18	black_kitten
1984-07-05	jennifer19
1984-07-12	applesofsin
1984-07-27	kasuperu
1984-10-10	shery_dewinter
1984-11-22	revoless
1984-12-11	lovelikeadrug
1984-12-23	chibi_pixie
1985-02-05	igitha
1985-04-25	roboticemotions
1985-04-27	black_number_1
1985-05-07	glass_vein
1985-06-21	theangelicbeing
1985-06-22	xperiment314
1985-06-24	athena2693
1985-06-26	slightly_insane
1985-10-11	rozallin
1985-10-12	capnkiddsgirl
1985-10-29	ninvampiress
1985-11-12	bloodyprinces04
1985-12-03	xshardsx
1986-01-04	beautifullies86
1986-03-20	toastysoul
1986-06-29	the_ladder_down
1986-07-15	angelus1919
1986-07-31	trtrmnslv
1986-08-02	on_timein_tempo
1986-08-11	nigeru_genjitsu
1986-08-21	mosh_for_jesus
1986-08-23	jtggodqos
1986-09-06	blade_addict
1986-09-13	pandorasboxers
1986-09-17	littlecreep
1986-09-25	perplexedangel
1986-11-17	realitysgonemad
1986-11-18	fighting4truth
1986-12-01	____magpie
1986-12-02	laina_182
1986-12-04	callmetiki
1986-12-14	shortazzrebel
1986-12-19	morbidanibal
1987-01-02	_4got10_
1987-01-25	lady_lucifer
1987-02-22	stormynightfire
1987-02-23	dream_cereal
1987-02-26	hot_grace7
1987-03-11	krn_chopstick
1987-03-27	god_raped_soul
1987-05-05	iced_pink
1987-05-13	goth_kittykat
1987-06-19	misanthropette
1987-06-28	sohma_kodora
1987-07-10	dreamaria
1987-07-14	dark_red
1987-08-17	allblood_nroses
1987-08-25	mr_liam_to_you
1987-08-27	viking_girl
1987-09-16	catching_tigers
1987-09-27	languidbuterfly
1987-10-12	emokidtiltheend
1987-12-17	dreamabuser
1987-12-18	gangsterrrrr
1987-12-23	softbalprincess
1988-01-08	nini2599
1988-01-29	aflattuesday
1988-01-31	dramaticfreedom
1988-02-15	lildevilgurl172
1988-02-27	wikidangl
1988-03-16	xcriesxofxpainx
1988-03-20	sarahrachel88
1988-04-03	perfctleimprfct
1988-04-21	boyslikeyouare
1988-04-26	ladyjaja
1988-05-03	synocence
1988-05-08	oudydarkbane
1988-06-01	bleeding_kiti
1988-06-28	helpx_ambulance
1988-08-20	kattlady
1988-09-03	phyrablaze
1988-09-17	for_worse
1988-10-30	xmorbid_screamx
1988-11-26	l0st_freak2oo7
1988-12-06	jennymariep
1988-12-11	angelsonfire
1988-12-28	auroralynx
1989-06-22	_nikky_
1989-08-18	ephemeral_lies
1989-09-10	notacrnflkgirl
1989-09-13	grammer_of_skin
1989-10-24	symbolicating
1989-12-05	ppsantos89
1989-12-16	adrenaline3426
1990-02-05	ever_x_after
1990-03-30	dnccc
1990-04-07	smilinbabyshell
1990-04-19	angel2beagain
1990-12-21	here_is_now
1991-01-21	twisted_kitty91
1991-03-02	hana_banana
1992-07-30	mylifewithin
1993-05-10	auryun
1994-06-30	ohliveuh
