{
    "count": {
        "references": {
            "total": 2,
            "returned": 2
        }
    },
    "status": "SUCCESS",
    "entities": {
        "JxldLh": {
            "industries": [
                "I6fXbr"
            ],
            "hits": 0,
            "type": "Industry",
            "name": "Semiconductors & Electronic Materials",
            "momentum": 0.0
        },
        "B_Fa4": {
            "hits": 3295137,
            "name": "Asia",
            "pos": {
                "latitude": 29.84064,
                "longitude": 89.296880000000002
            },
            "alias": [
                "Aasia",
                "Àsia",
                "Azsia",
                "एशिया महादवीप",
                "Ασια",
                "an Áise",
                "Azja",
                "Ázsia",
                "Asya",
                "آسيا",
                "アジア",
                "Asie",
                "Ásia",
                "Asia",
                "Āzija",
                "एशिया महाद्वीप",
                "Azio",
                "Ασία",
                "Chau A",
                "アシア",
                "Азия",
                "Châu Á",
                "اسيا",
                "Azie",
                "Azië",
                "Asien",
                "เอเชย",
                "เอเชีย",
                "亚洲",
                "Asía",
                "Azija",
                "an Aise",
                "Азія",
                "אסיה"
            ],
            "external_links": {
                "wikipedia": {
                    "id": "Asia"
                }
            },
            "type": "Continent",
            "momentum": 0.24728391306954597
        },
        "B_Mbq": {
            "hits": 208694,
            "name": "Uzbekistan",
            "pos": {
                "latitude": 41.707540000000002,
                "longitude": 63.849110000000003
            },
            "alias": [
                "Usbekistan",
                "Узбекістан",
                "Uzbek Soviet Socialist Republic",
                "Üzbegisztán",
                "Usbequistán",
                "Uzubekistan",
                "Uzbequistao",
                "Uzbɛkistan",
                "Usbekistaan",
                "Uzbequistan",
                "អហសបេគសតង",
                "ཨཛ་བ་ཀས་ཏན",
                "Uzbekistaan",
                "اوزبكستان",
                "Úisbéiceastáin",
                "Uusbakistaan",
                "Wsbecistan",
                "อุซเบกิสถาน",
                "Oezbekistan",
                "উজ্বেকিস্থান",
                "Oesbekistan",
                "उझबकिसतान",
                "Uzbekistan",
                "উজবেকিস্তান",
                "ອດເບກສະຖານ",
                "U-do-be-ki-xtan",
                "Ûzbêkistan",
                "উজবেকিসথান",
                "ウズベキスタン共和国",
                "אוזבעקיסטאן",
                "Orileede Nsibekisitani",
                "Uzibɛkisita",
                "ʻUsipekiteni",
                "Ўзбекистон",
                "ประเทศอซเบกสถาน",
                "ازبکستان",
                "ઉઝબકિસતાન",
                "ཨུཛ་བེ་ཀིསི་ཏཱན",
                "ઉઝ્બેકિસ્તાન",
                "អ៊ូហ្សបេគីស្តង់",
                "Uzbekio",
                "Pow Ousbek",
                "Uzebekisitani",
                "ཨཛ་བ་ཀསན།",
                "Узбэкістан",
                "Ouzbékistan",
                "Uzibekistani",
                "Wuzibekisitaani",
                "Uzbekistäan",
                "Użbekistan",
                "उजबकिसतान",
                "אוזבקיסטאן",
                "उजबकिसथान",
                "أوزبكستان",
                "उजबेकिस्तान",
                "ウスヘキスタン共和国",
                "우즈베키스탄",
                "Ӳспекстан",
                "Uzbekija",
                "Uzbekskaya Sovetskaya Sotsialisticheskaya Respublika",
                "Узбакистон",
                "Uisbeiceastain",
                "Uzbequistão",
                "ອຸດເບກິສະຖານ",
                "乌兹别克斯坦",
                "ಉಜಬೕಕಸಥಾನ",
                "Ozbəkistan",
                "Uzbegisztan",
                "उझबेकिस्तान",
                "Узбекистан",
                "ఉజ్బెకిస్తాన్",
                "ประเทศอุซเบกิสถาน",
                "ଉଜବେକିସ୍ଥାନ୍",
                "Uzbekistan nutome",
                "உஸபெகிஸதான",
                "ウスヘキスタン",
                "ଉଜବେକସଥାନ",
                "ಉಜ್ಬೇಕಿಸ್ಥಾನ್",
                "Успекстан",
                "उज़्बेकिस्तान",
                "Ouzbekistan",
                "Ουζμπεκιστάν",
                "אוזבקיסטן",
                "Ուզբեկիստան",
                "ഉസബെകകിസഥാന‍",
                "ఉజబకసతన",
                "Úsbekistan",
                "ʻUsipekitēni",
                "Uzbekiston Respublikasi",
                "อซเบกสถาน",
                "Ուզբեկստան",
                "උස්බෙකිස්ථානය",
                "Orílẹ́ède Nṣibẹkisitani",
                "Үзбәкстан",
                "U-dơ-bê-ki-xtan",
                "Uzbequistán",
                "Uzbekistán",
                "ウズベキスタン",
                "Lusbekän",
                "Uzbekistani",
                "ئۆزبېكىستان",
                "i-Uzbekistan",
                "يوزبەکستان",
                "Usbequistan",
                "উজবেকিসতান",
                "Lusbekan",
                "Uzbekistana",
                "Ozbèquistan",
                "ازبكستان",
                "Ӯзбакистон",
                "ဥဘက်ကစ္စတန်",
                "ዩዝበኪስታን",
                "يۆزبېكىستان",
                "Uzibɛkisitá",
                "Uzbekujo",
                "उज्बेकिस्तान",
                "L’Uzbekistan",
                "Oʻzbekiston",
                "Uzibekisita",
                "اوزبکستان",
                "Ŭzbekiston Respublikasi",
                "Uzbekistāna",
                "Ozbekistan",
                "උසබෙකසථානය",
                "Өзбекстан",
                "உஸ்பெகிஸ்தான்",
                "Ozbequistan",
                "Özbekistan",
                "Uzubekisitani",
                "Uzbecia",
                "O’zbekiston",
                "Ουζμπεκισταν",
                "Узбекистон",
                "უზბეკეთი",
                "Republic of Uzbekistan",
                "უზბაკეთი",
                "Uzbekistanas",
                "우즈베키스탄",
                "ഉസ്ബെക്കിസ്ഥാന്‍",
                "ဥဘကကစစတန",
                "ཨུཛ་བེ་ཀིསྟཱན།",
                "Özbəkistan",
                "ئوزبەکستان",
                "उजबेकिस्थान"
            ],
            "momentum": 0.0016699719987327451,
            "type": "Country",
            "containers": [
                "B_Fa4"
            ],
            "external_links": {
                "wikipedia": {
                    "id": "Uzbekistan"
                }
            }
        },
        "I6fXb8": {
            "industries": [
                "JxldLj"
            ],
            "hits": 0,
            "type": "Industry",
            "name": "Consumer Services",
            "momentum": 0.0
        },
        "JxldLm": {
            "industries": [
                "JxldLl"
            ],
            "hits": 0,
            "type": "Industry",
            "name": "Synthetics",
            "momentum": 0.0
        },
        "B_G2K": {
            "hits": 516003,
            "name": "Kazakhstan",
            "pos": {
                "latitude": 48.0,
                "longitude": 68.0
            },
            "alias": [
                "Kazakisitá",
                "Pow Kasagh",
                "Kasakistan",
                "Gazagystan",
                "Қазақстан",
                "Kasakistän",
                "கஸகஸதான",
                "カサフスタン",
                "i-Kazakhstan",
                "ಕಝಾಕಸಥಾನ",
                "Casaquistao",
                "Qazaxıstan",
                "କାଜାକାସଥାନ",
                "Kazajstán",
                "കസാഖിസഥാന‍",
                "কাজাখাসতান",
                "Kazakhistán",
                "قزاخستان",
                "Kazakisitaan",
                "कझाकसतान",
                "കസാഖിസ്ഥാന്‍",
                "कजाखस्तान",
                "Casaquistão",
                "Kazaxstan",
                "Qazaqstan Respūblīkasy",
                "Kazakisitäan",
                "Kazacstan",
                "ကာဇက်စတန်",
                "कजाकसथान",
                "Kazahstana",
                "Kazakusita",
                "Kasaakhistaan",
                "Kazajistan",
                "Casachia",
                "カザフスタン",
                "Kazachstan",
                "Republic of Kazakhstan",
                "ყაზახეთი",
                "Казаџстан",
                "Kazakistaŋ",
                "Kazakstan",
                "Kazahstano",
                "Хъазахстан",
                "काजाकसथान",
                "ကာဇကစတန",
                "काजाकस्थान",
                "কাজাখাস্তান",
                "Kasahstan",
                "ຄາຊດສະຖານ",
                "កាហសាកសតាង",
                "కజకిస్తాన్",
                "Kazahstan",
                "Kazakisitaani",
                "कज़ाकस्तान",
                "कस़ाख़िस्तान",
                "Kazachstanas",
                "Kasakstaan",
                "కజఖసతన",
                "คาซัคสถาน",
                "An Chasacstáin",
                "Καζακστάν",
                "Kazahsztan",
                "Casaquistán - Қазақстан",
                "קזחסטן",
                "كازاخستان",
                "Kazachija",
                "Kasakstan",
                "Respublika Kazakhstan",
                "កាហ្សាក់ស្តាង់់",
                "Казакстан Республикасы",
                "कझाकस्तान",
                "Kazac'hstan",
                "कजाखसतान",
                "కజకసతన",
                "ಕಝಾಕಿಸ್ಥಾನ್",
                "కజాఖస్తాన్",
                "কাজাকসথান",
                "Cazaquistão",
                "Ka-dắc-xtan",
                "Kasakhstan",
                "Kazakisita",
                "Kasajstán",
                "Casaquistan - Қазақстан",
                "哈萨克斯坦",
                "ཁ་ཛག་སན།",
                "คาซคสถาน",
                "કઝાકિસતાન",
                "Qazaqstan Respublikasy",
                "ຄາຊັດສະຖານ",
                "Casacstan",
                "ประเทศคาซคสถาน",
                "Kazakistan",
                "Kazahstāna",
                "Kazaĥio",
                "قزاقستان",
                "Kasakhstani",
                "קאזאקסטאן",
                "Cazaquistao",
                "Қазоқистон",
                "Kasachstan",
                "Kazaĥstano",
                "Qazaqstan",
                "Orileede Kasasatani",
                "কাজাকস্থান",
                "કઝાકિસ્તાન",
                "Cazacstan",
                "Καζακσταν",
                "कजाकसतान",
                "ཁ་ཛཱག་སྟཱན།",
                "Kasakiteni",
                "Kazakhistan",
                "Qozogʻiston",
                "Orílẹ́ède Kaṣaṣatani",
                "قازاقسىتان",
                "Kazahsztán",
                "کازاخستان",
                "Każakstan",
                "Kazakstan nutome",
                "カザフスタン共和国",
                "Kasahistan",
                "Kazakisitani",
                "カサフスタン共和国",
                "Qezexistan",
                "قازقستان",
                "କାଜାକାସ୍ଥାନ୍",
                "Ղազախստան",
                "קזחסטאן",
                "ካዛኪስታን",
                "Kazahio",
                "קזאחסטאן",
                "Kasajstan",
                "ประเทศคาซัคสถาน",
                "Kazakh Soviet Socialist Republic",
                "कजाकस्थान",
                "Ka-dac-xtan",
                "카자흐스탄",
                "Kazajistán",
                "Kazakistani",
                "Kazajstan",
                "कसाखिसतान",
                "Казахстан",
                "Kazakhskaya Sovetskaya Sotsialisticheskaya Respublika",
                "קאַזאַקסטאַן",
                "Kazakhstan",
                "Kazachstán",
                "카자흐스탄",
                "An Chasacstain",
                "கஸகஸ்தான்"
            ],
            "momentum": 0.017835977341346055,
            "type": "Country",
            "containers": [
                "B_Fa4"
            ],
            "external_links": {
                "wikipedia": {
                    "id": "Kazakhstan"
                }
            }
        },
        "B_KXY": {
            "industries": [
                "I6fXb8",
                "I6fXcB",
                "JxldLq",
                "JxldLk",
                "JxldLh",
                "JxldLm",
                "I6fXbc"
            ],
            "hits": 424917,
            "name": "Azerbaijan",
            "pos": {
                "latitude": 40.5,
                "longitude": 47.5
            },
            "alias": [
                "Azərbaycan Respublikası",
                "آذربايجان",
                "အဇာဘိုင်ဂျန်",
                "Ażerbajġan",
                "ئازەربایجان",
                "Aserbaidsjan",
                "Aserbaigian",
                "Asirwayan",
                "Azerbajdzan",
                "अजरबजान",
                "אזערבײדזשאן",
                "Azerbaidzana",
                "アゼルバイジャン共和国",
                "ܐܕܪܒܝܓܢ",
                "Azerbeidzjan",
                "ཨཛར་བཡ་ཇན།",
                "Aserbaidžaan",
                "Azerbajxhani",
                "Azärbayjan Respublikasy",
                "Aserbaidzaan",
                "Adrabigania",
                "अज़रबैजान",
                "අසර්බයිජානය",
                "अजरबैजान",
                "Azerbaydzhan Soviet Socialist Republic",
                "Azerebayijaani",
                "Αζερμπαϊτζάν",
                "Азербайджан",
                "Aserbaidschan",
                "جمهوری آذربایجان",
                "Azɛrbayjaŋ",
                "Азејберџан",
                "Aserbaižan",
                "اذربا‏يیجان",
                "아제르바이잔",
                "Azerbaidžāna",
                "An Asarbaiseáin",
                "อาเซอร์ไบจาน",
                "Azerbejdžan",
                "Azabajani",
                "Ai-déc-bai-gian",
                "阿塞拜疆",
                "L’Azerbaidjan",
                "Aserbaídsjan",
                "ประเทศอาเซอรไบจาน",
                "Азэрбайджан",
                "අසරබයජානය",
                "Ajerbayjaan",
                "آذربائیجان",
                "Aserbaizan",
                "Azerbaijan Soviet Socialist Republic",
                "اذربيجان",
                "ئازەربەيجان",
                "Azerbaidzhan",
                "ອາເຊີໄບຈັນ",
                "Озарбоиҷон",
                "Азербаиджан",
                "اذربایجان",
                "अजर्बैजान",
                "اذربايیجان",
                "Acerbaixan",
                "अझरबैजान",
                "Azerbaidzjan",
                "અઝરબૈજાન",
                "ອາເຊໄບຈນ",
                "Ajelbayidja",
                "Zerebaidyäan, Azerbaidyäan,",
                "Azərbaycan",
                "אזערבאדזשאן",
                "Azerbayán",
                "אזרבייג'ן",
                "Әзірбаижан",
                "아제르바이잔",
                "Ai-dec-bai-gian",
                "Azerbajxhan",
                "Ázerbájdžán",
                "আজারবাইজান",
                "அஜரபைஜான",
                "असरबजान",
                "ཨཛར་བཡེ་ཇན།",
                "Acerbaixan - Azərbaycan",
                "Озарбойҷон",
                "Azzirbaiggian",
                "Äzärbaycan",
                "អាហ៊្សែរបែហ្សង់",
                "Azerbaidžan",
                "جمهوری اذربایجان",
                "Azerbaijão",
                "Asarsuyu",
                "Azerbaijani Republic",
                "अझरबजान",
                "AserbaidIaan",
                "అజరబజన",
                "Azerbaidžanas",
                "ประเทศอาเซอร์ไบจาน",
                "Azɛlɛbaizá",
                "Republic of Azerbaijan",
                "อาเซอรไบจาน",
                "Azerbajdžan",
                "Azèrbayidj·an",
                "Αζερμπαιτζαν",
                "يازەربایجان",
                "ಅಜರ್ಬೈಜಾನ್",
                "ಅಜರಬೖಜಾನ",
                "အဇာဘငဂျန",
                "Aserbaíjan",
                "Azerubayijani",
                "Azerbajgan",
                "അസര‍ബൈജാന‍",
                "Әзірбайжан",
                "Aserbaiyan",
                "Aserbaijan",
                "Azarbaycan",
                "Азербејџан",
                "Azerbaidzanas",
                "Aserbaidschaan",
                "Acerbaixán",
                "Zerebaidyaan, Azerbaidyaan,",
                "אַזערבײַדזשאַן",
                "Azerbaïdjan",
                "అజర్బైజాన్",
                "Azerbajgano",
                "Azerbeycan",
                "अस़रबैजान",
                "அஜர்பைஜான்",
                "Azerbayan",
                "Azerbaigian",
                "Azebaegyan",
                "Aserbayjan",
                "અઝરબજાન",
                "ʻAsapaisani",
                "أذربيجان",
                "Azerbajdzsán",
                "آذربيجان",
                "آذربایجان",
                "Azarbayjan Respublikasy",
                "Aserbeidjan",
                "አዘርባጃን",
                "Азэрбаиджан",
                "Azerbaidzan",
                "AserbaidĪaan",
                "Ադրբեջան",
                "Azerbejdżan",
                "Azerbaycan",
                "アゼルバイジャン",
                "Orílẹ́ède Asẹ́bájánì",
                "אזרביג'ן",
                "Azɛlɛbaiza",
                "Azerbajĝano",
                "അസര്‍ബൈജാന്‍",
                "Aserbajdsjan",
                "ଆଜେରବାଇଜାନ",
                "i-Azerbaijan",
                "Azerbaidzhanian Soviet Socialist Republic",
                "An Asarbaiseain",
                "Azerbeidjan",
                "اذربايجان",
                "Azerbejdzan",
                "Azerbaidjan",
                "Orileede Asebajani",
                "Azärbaycan",
                "Azarbaijan",
                "Azerbaydzhanskaya Sovetskaya Sotsialisticheskaya Respublika",
                "Azerbayidj·an",
                "Azerbaijao",
                "アセルハイシャン",
                "يازەربەيجان",
                "Azerbajdzsan",
                "Azerbaijan",
                "Әзербаижан",
                "Azerbaiyán",
                "Азарбижан",
                "Azerbajdzjan",
                "آذربا‏ئیجان",
                "ଆଜେରବାଇଜାନ୍",
                "Azerbaijan nutome",
                "Azerbaiyan",
                "აზერბაიჯანი",
                "អាហសែរបែហសង",
                "Acerbaixán - Azərbaycan",
                "אזרבייג׳אן",
                "Azerbajaan",
                "Azerbaitjan",
                "アセルハイシャン共和国",
                "آذربائجان",
                "Әзербайжан"
            ],
            "momentum": 0.0067011049342615278,
            "type": "Country",
            "containers": [
                "B_Fa4"
            ],
            "external_links": {
                "wikipedia": {
                    "id": "Azerbaijan"
                }
            }
        },
        "JxldLk": {
            "industries": [
                "JxldLl"
            ],
            "hits": 0,
            "type": "Industry",
            "name": "Fossil Fuels",
            "momentum": 0.0
        },
        "B_Fnn": {
            "hits": 7485821,
            "name": "Iran",
            "pos": {
                "latitude": 32.0,
                "longitude": 53.0
            },
            "alias": [
                "Jomhūrī-ye Eslāmī-ye Īrān",
                "Persujo",
                "Eron",
                "Irano Islamo Respublika",
                "အရန",
                "Iiraan",
                "Iran nutome",
                "Den Islamiske Republik Iran",
                "Jomhuri-ye Eslami-ye Iran",
                "ईराण",
                "Эрон",
                "ئىران",
                "Empire of Iran",
                "Irán - ایران",
                "ईरान",
                "جُمهورئ اِسلامئ يران",
                "Iraan",
                "Iräan",
                "I-ran",
                "Keshvar-e Shahanshahi-ye Iran",
                "ఇరాన్",
                "အီရန်",
                "อิหร่าน",
                "Irán",
                "ኢራን",
                "ඉරානය",
                "يێران",
                "جمهوري اسلامي يران",
                "Îran",
                "Irania",
                "Iraŋ",
                "Iran, Islamska Republika",
                "Yiraani",
                "Islamic Republic of Iran",
                "이란",
                "ირანი",
                "ایران",
                "ইরান",
                "អរង",
                "يیران",
                "Iranas",
                "Іран, Ісламська Республіка",
                "Ιράν",
                "República Islâmica do Irã",
                "Orílẹ́ède Irani",
                "ཨི་རཱན",
                "Ιραν, Ισλαμικη Δημοκρατια του",
                "Іран",
                "ஈரான்",
                "كشور شاهنشاهي يران",
                "Republica Islamica do Ira",
                "ஈரான",
                "ఇరన",
                "Ira",
                "ئێران",
                "ܐܝܪܢ",
                "Éran",
                "Ιράν, Ισλαμική Δημοκρατία του",
                "ايران",
                "Иран",
                "Irão",
                "イラン",
                "Irao",
                "كِشوَرِ شاهَنشاهئ يران",
                "Iran",
                "ಇರಾನ್",
                "Īrāna",
                "إيران",
                "Irāna",
                "Irana",
                "ئیران",
                "Irani",
                "ཨ་རན།",
                "Írán",
                "İran",
                "इरान",
                "Irano",
                "Persio",
                "Keshvar-e Shāhanshāhī-ye Īrān",
                "이란",
                "ອລານ",
                "ཨ་རན",
                "ଇରାନ",
                "Persia",
                "伊朗",
                "An Iarain",
                "ʻIulaani",
                "Lirän",
                "Orileede Irani",
                "يىران",
                "Liran",
                "ઈરાન",
                "Іран, Ісламская Рэспубліка",
                "อหราน",
                "ഇറാന്‍",
                "ഇറാന‍",
                "Իրան",
                "ประเทศอิหร่าน",
                "איראן",
                "ประเทศอหราน",
                "イラン・イスラム共和国",
                "Iran - ایران",
                "伊朗伊斯兰共和国",
                "ອີລ່ານ",
                "Íran",
                "Irâ",
                "iran",
                "Ιραν",
                "Irã",
                "Иран, Ислямска република",
                "ܝܪܘܢ",
                "i-Iran",
                "អ៊ីរ៉ង់",
                "ଇରାନ୍",
                "An Iaráin",
                "ཨི་རཱན།",
                "ಇರಾನ",
                "Uajemi",
                "Eran"
            ],
            "momentum": 0.097561059328498526,
            "type": "Country",
            "containers": [
                "B_Fa4"
            ],
            "external_links": {
                "wikipedia": {
                    "id": "Iran"
                }
            }
        },
        "I6fXcB": {
            "industries": [
                "I6fXbr"
            ],
            "hits": 0,
            "type": "Industry",
            "name": "Industrial Services",
            "momentum": 0.0
        },
        "B_Gta": {
            "hits": 1020742,
            "name": "Tajikistan",
            "pos": {
                "latitude": 39.0,
                "longitude": 71.0
            },
            "alias": [
                "TadIikistan",
                "Taxhikistan",
                "Tadzjikistan",
                "ທາຈກສະຖານ",
                "تاجىكىستان",
                "塔吉克斯坦",
                "Tazikistan",
                "Datschikischtaan",
                "ತಜಾಕಸಥಾನ",
                "Tadzsikisztan",
                "ཏ་ཇག་ཀིསི་ཏཱན",
                "An Taidsiceastain",
                "ତାଜକସଥାନ",
                "Tagikio",
                "TadĪikistan",
                "Tadžikistanas",
                "ทาจกสถาน",
                "El Tadjikistan",
                "ཏ་ཇག་ཀས་ཏན",
                "తజికిస్తాన్",
                "타지키스탄",
                "ທາຈິກິສະຖານ",
                "Таджикістан",
                "Tadzhikskaya Sovetskaya Sotsialisticheskaya Respublika",
                "Tadsjikistan",
                "Taxiquistan",
                "تاجیکستان",
                "타지크스탄",
                "Orílẹ́ède Takisitani",
                "Тажикстан",
                "Tádžikistán",
                "Tagikistan",
                "Tadzikistania",
                "তাজিকসথান",
                "An Táidsíceastáin",
                "Tadzikistan",
                "טאג'יקיסטן",
                "Tayikistan",
                "ታጃኪስታን",
                "Tadzikistas",
                "タジキスタン共和国",
                "તાજીકિસતાન",
                "តាដហ្ស៉ីគីស្តង់",
                "Tadźikistan",
                "ताजिकिसतान",
                "i-Tajikistan",
                "타지크스탄",
                "Τατζικισταν",
                "Таджыкістан",
                "Tacîkistan",
                "Jumhurii Tojikiston",
                "Tat-gi-ki-xtan",
                "Taxiquistan - Тоҷикистон",
                "Tadzhikistan",
                "Tažikistan",
                "Tayiksuyu",
                "Tazikisita",
                "Tadzikistanas",
                "ཐ་ཇ་ཁ་ས་ཏན",
                "ତାଜିକିସ୍ଥାନ୍",
                "Tadzikistana",
                "טג׳יקיסטאן",
                "타지키스탄",
                "Taxiquistán - Тоҷикистон",
                "طاجيكستان",
                "Tadžikistas",
                "તાજીકિસ્તાન",
                "Tadžikistāna",
                "Тоҷикистон",
                "Tádzsikisztán",
                "Tacikistän",
                "Tagikujo",
                "Tajikistani",
                "Taġikistan",
                "Tajicistan",
                "Tadžikistan",
                "Tajikisitani",
                "Tayikistán",
                "താജിക്കിസ്ഥാന്‍",
                "Tacikistan",
                "Tajikistan",
                "Tajiquistao",
                "Տաճիկստան",
                "Tasikitani",
                "ประเทศทาจกสถาน",
                "Republic of Tajikistan",
                "তাজিকস্থান",
                "Tajikistan nutome",
                "Tajikisitaani",
                "Tadzsikisztán",
                "Tadjíkistan",
                "ტაჯიკეთი",
                "టజకసతన",
                "ทาจิกิสถาน",
                "Taxhikistani",
                "Таџикистан",
                "Tadjikistan",
                "Tadzykistan",
                "టాజీకిస్తాన్",
                "ཐ་ཇི་ཁེ་སི་ཏན",
                "Tadj·iquistan",
                "Taxiquistán",
                "Taĝikio",
                "Tatgiquistan",
                "Tajiquistão",
                "טג'יקיסטן",
                "Tadzikija",
                "タシキスタン",
                "طاجكستان",
                "Tadyikistán",
                "តាដហសគសតង",
                "Tazikisitá",
                "Tadyikistan",
                "താജികകിസഥാന‍",
                "Tadschikistan",
                "Taĝikujo",
                "Taazikiistäan",
                "Tajikistaan",
                "タシキスタン共和国",
                "தாஜிகிஸதான",
                "တာဂျီကစ္စတန်",
                "Tajik Soviet Socialist Republic",
                "ประเทศทาจิกิสถาน",
                "Տաջիկիստան",
                "Orileede Takisitani",
                "Tát-gi-ki-xtan",
                "タジキスタン",
                "တာဂျကစစတန",
                "Tadzhik Soviet Socialist Republic",
                "Tadjiquistao",
                "ताजिकिस्तान",
                "Taazikiistaan",
                "Τατζικιστάν",
                "Pow Tajik",
                "Tadžikija",
                "تاجکستان",
                "தாஜிகிஸ்தான்",
                "Тәжікстан",
                "Tadżykistan",
                "Таджикистан",
                "తజకసతన",
                "تاجيكستان",
                "ತಜಾಕಿಸ್ಥಾನ್",
                "Tadjiquistão"
            ],
            "momentum": 0.0057351002941405686,
            "type": "Country",
            "containers": [
                "B_Fa4"
            ],
            "external_links": {
                "wikipedia": {
                    "id": "Tajikistan"
                }
            }
        },
        "JxldLq": {
            "industries": [
                "I6fXbr"
            ],
            "hits": 0,
            "type": "Industry",
            "name": "Industrial Materials",
            "momentum": 0.0
        },
        "B_Fgr": {
            "hits": 4057325,
            "name": "Afghanistan",
            "pos": {
                "latitude": 33.0,
                "longitude": 66.0
            },
            "alias": [
                "Da Afghanestan Shahi Dowlat",
                "Republic of Afghanistan",
                "جمهورئ اسلامئ افغانستان",
                "Â-fu-hon",
                "Afghanistan",
                "សាធារណរដឋឥសលាមអាហវហកានសថាន",
                "ཨ་ཧྥུའུ་རྒན་སི་ཐན།",
                "Afghanístàn",
                "ஆப்கானித்தான்",
                "Afgania",
                "د افغانستان اسلامی جمهوریت",
                "अफगानिस्तान",
                "Dowlat-e Pādshāhī-ye Afghānestān",
                "અફઘાનિસ્તાન",
                "Dowlat-e Padshahi-ye Afghanestan",
                "Dowlat-e Eslami-ye Afghanestan",
                "Աֆղանստան",
                "ʻAfikanisitani",
                "អាហ្វហ្គានីស្ថាន",
                "A-fu-hon",
                "Afganio",
                "អាហវហគានសថាន",
                "ཨཕ་ག་ནས་ཏན་",
                "अफगाणिसतान",
                "Afganistán - افغانستان",
                "ఆఫఘనసతన",
                "Apganistan",
                "अफगानिषतान",
                "אפגניסטן",
                "Αφγανισταν",
                "Afgaanistaan",
                "Afuganistani",
                "ประเทศอฟกานสถาน",
                "ਅਫਗਾਨੀਸਤਾਨ",
                "Afğanistan",
                "جمهوري اسلامي افغانستان",
                "Doulat i Jumhouri ye Afghanistan",
                "အာဖဂနနစစတန",
                "ཨཕ་ག་ནས་ཏན",
                "De Afghanistan Islami Jumhuriyat",
                "ཨཕ་ག་ནིསི་ཏཱན་",
                "Republica de l'Afganistan",
                "אפגאניסטאן",
                "Affganistan",
                "Afeganistao",
                "Jomhūrī-ye Demowkrātīk-e Afghānestān",
                "ඇෆගනසථානය",
                "دولت اسلامي افغانستان",
                "Afiganistaŋ",
                "އފޣނސތނ",
                "Afghānestān",
                "아프가니스탄",
                "Afgańistan",
                "Afghánistán",
                "Afganistón",
                "อฟกานสถาน",
                "Áp-ga-ni-xtan",
                "Афғонистан",
                "അഫ്ഗാനിസ്ഥാന്‍",
                "אפגניסטאן",
                "ஆபகானிததான",
                "República de l'Afganistan",
                "ʻAfikānisitani",
                "Afaganisitani",
                "Afganistán",
                "ئافغانىستان",
                "ავღანეთი",
                "Jamhūrī-ye Islāmī-ye Afghānistān",
                "دولتٔ اسلامئ افغانستان",
                "Afganujo",
                "अफगाणिस्तान",
                "ཨཕ་ག་ནིསི་ཏཱན",
                "Afqaanistan",
                "Afuganisitani",
                "Yn Afghanistaan",
                "ஆப்கானிஸ்தான்",
                "Lafganistan",
                "Afiganisita",
                "i-Afghanistan",
                "Сарта Апганмудин Орн",
                "Əfqənistan",
                "يافغانىستان",
                "Afganistàn",
                "Jomhuri-ye Demowkratik-e Afghanestan",
                "أفغانستان",
                "Afeganistaun",
                "अफ़्गानिस्तान",
                "ఆఫ్ఘానిస్తాన్",
                "Afuganisita",
                "ประเทศอัฟกานิสถาน",
                "Dê Afghānistān Islāmī Jumhūriyat",
                "Orileede Afuganistani",
                "Jomhūrī-ye Eslāmī-ye Afghānestān",
                "An Afganastain",
                "ಅಫ್ಘಾನಿಸ್ತಾನ",
                "Afganistan",
                "Афгъанистан",
                "សាធារណរដ្ឋឥស្លាមអាហ្វហ្កានីស្ថាន",
                "അഫഗാനിസഥാന‍",
                "ఆఫ్ఘనిస్తాన్",
                "ඇෆ්ගනිස්ථානය",
                "Kingdom of Afghanistan",
                "Афґаністан",
                "阿富汗",
                "Afgansuyu",
                "আফগানিস্তান",
                "Афганистан",
                "Afganistaan",
                "अफ़गानिस्तान",
                "Afiganisitá",
                "افغانستان",
                "Jomhūrī-ye Afghānestān",
                "አፍጋኒስታን",
                "Әфганстан",
                "ອຟການດສະຖານ",
                "Afgànistan",
                "Афганістан",
                "ئەفغانستان",
                "Efganıstan",
                "Афғонистон",
                "ཨཕ་ག་ནི་སྟཱན།",
                "อัฟกานิสถาน",
                "Jomhuri-ye Afghanestan",
                "Afganistáni",
                "Avganistan",
                "アフカニスタン",
                "アフガニスタン・イスラム国",
                "Efğanıstan",
                "افغانيستان",
                "അഫഗാനിസതാൻ",
                "Afganistanas",
                "Afganistána",
                "အာဖဂန်နစ္စတန်",
                "アフガニスタン",
                "ଆଫାଗାନସତାନ",
                "അഫ്ഗാനിസ്താൻ",
                "ಅಫಘಾನಿಸ್ಥಾನ್",
                "Afganiston",
                "afyganisTAN",
                "ଆଫାଗାନିସ୍ତାନ୍",
                "Dowlat-e Eslāmī-ye Afghānestān",
                "Afaganistan",
                "يەفغانستان",
                "Afghanistan nutome",
                "Afganastan",
                "আফগানিসতান",
                "ಅಫಘಾನಸತಾನ",
                "अफगानिसतान",
                "Afxanistan",
                "I-Afugani",
                "Афганистаан",
                "‘Apekanikana",
                "अफगानसथान",
                "Afganistan - افغانستان",
                "Afganischtaan",
                "Faganita, Afganistaan",
                "ஆபகானிஸதான",
                "アフカニスタン・イスラム国",
                "Afganistāna",
                "Islamic Republic of Afghanistan",
                "Jomhuri-ye Eslami-ye Afghanestan",
                "Afeganistão",
                "Da Afghānestān Shāhī Dowlat",
                "Авганистан",
                "Afganistana",
                "અફઘાનિસતાન",
                "Faganïta, Afganïstäan",
                "Afganisztán",
                "Orílẹ́ède Àfùgànístánì",
                "ཨ་ཧའ་རན་ས་ཐན།",
                "Owganystan",
                "Jamhuri-ye Islami-ye Afghanistan",
                "Ap-ga-ni-xtan",
                "ཨཕ་ག་ན་སན།",
                "Islamic State of Afghanistan",
                "Αφγανιστάν",
                "아프가니스탄",
                "АфгIанистан",
                "Afganistani",
                "Democratic Republic of Afghanistan",
                "Ауғанстан",
                "𐌰𐍆𐌲𐌰𐌽𐌹𐍃𐍄𐌰𐌽",
                "Afgʻoniston",
                "अफगानस्थान",
                "ಅಫಘಾನಸಥಾನ",
                "Afganisztan",
                "An Afganastáin",
                "Afghanestan",
                "Afghanistaan",
                "अफ्गानिष्तान",
                "އަފްޣާނިސްތާން",
                "Lafganistän",
                "ອັຟການິດສະຖານ",
                "Əfqanıstan"
            ],
            "momentum": 0.060460408090921451,
            "longname": "Afganistan",
            "type": "Country",
            "containers": [
                "B_Fa4"
            ],
            "external_links": {
                "wikipedia": {
                    "id": "Afghanistan"
                }
            }
        },
        "JtJDLs": {
            "hits": 1,
            "type": "Person",
            "name": "Mikhail Pereplesnin",
            "momentum": 0.0,
            "longname": "Mikhail Pereplesnin"
        },
        "I6fXbc": {
            "industries": [
                "I6fXb0"
            ],
            "hits": 0,
            "type": "Industry",
            "name": "Utilities",
            "momentum": 0.0
        }
    },
    "instances": [
        {
            "cluster_ids": [
                "DYjoKvCptGK",
                "BeWhIYG_UA9",
                "FwYixHVu1BA"
            ],
            "tagged_fragment": "have established reliable and trustworthy relations with the nearest neighbors in the region - <e id=B_G2K>Kazakhstan</e>, <e id=B_Mbq>Uzbekistan</e>, <e id=B_Gta>Tajikistan</e>, <e id=B_Fgr>Afghanistan</e>, <e id=B_Fnn>Iran</e> and",
            "fragment": "Nowadays, we have established reliable and trustworthy relations with the nearest neighbors in the region - Kazakhstan, Uzbekistan, Tajikistan, Afghanistan, Iran and Azerbaijan.",
            "stop": "2008-10-18T07:49:41.000Z",
            "item_fragment": "Nowadays, we have established reliable and trustworthy relations with the nearest neighbors in the region - Kazakhstan, Uzbekistan, Tajikistan, Afghanistan, Iran and Azerbaijan.",
            "precision": "ms",
            "start": "2008-10-18T07:49:41.000Z",
            "attributes": {
                "function": "id",
                "binning_id": "GIu9WVACl1k",
                "hits": 0,
                "general_positive": 0.31034482758620691,
                "positive": 0.0,
                "fragment_count": 1,
                "violence": 0.0,
                "negative": 0.0,
                "entities": [
                    "B_G2K",
                    "B_Mbq",
                    "B_KXY",
                    "B_Gta",
                    "B_Fgr",
                    "B_Fnn"
                ],
                "canonic_id": "HJh-fycWhuP",
                "authors": [
                    "JtJDLs"
                ],
                "inherited_locations": [
                    "B_Fnn",
                    "B_Mbq",
                    "B_G2K",
                    "B_KXY",
                    "B_Fgr",
                    "B_Gta"
                ],
                "general_negative": 0.0
            },
            "document": {
                "sourceId": {
                    "description": "Turmenistan.ru is your first and best source for information about Turkmenistan",
                    "country": "Turkmenistan",
                    "topic": "JxSEs_",
                    "media_type": "JxSEs2",
                    "id": "JtIe6w",
                    "name": "Turkmenistan.ru"
                },
                "language": "eng",
                "title": "Gurbanguly Berdimuhamedov: Law should serve people",
                "url": "http://www.turkmenistan.ru/en/node/7467",
                "downloaded": "2013-03-01T12:32:17.957Z",
                "published": "2008-10-18T07:49:41.000Z",
                "indexed": "2008-10-18T07:49:41.000Z",
                "id": "JtI-Dy"
            },
            "type": "CoOccurrence",
            "id": "GIu9WVACl1k",
            "momentum": 0.0,
            "time_type": "in"
        },
        {
            "cluster_ids": [
                "EOnzu0u-r4q",
                "Gh8eidkG7bV",
                "E1EIBFb1_I"
            ],
            "tagged_fragment": "established reliable and trustworthy relations with the nearest neighbors in the region - <e id=B_G2K>Kazakhstan</e>, <i id=GIu9WVACl0a><e id=B_Mbq>Uzbekistan</e></i>, <e id=B_Gta>Tajikistan</e>, <e id=B_Fgr>Afghanistan</e>, <e id=B_Fnn>Iran</e> and <e id=B_KXY>Azerbaijan</e>.",
            "fragment": "Nowadays, we have established reliable and trustworthy relations with the nearest neighbors in the region - Kazakhstan, Uzbekistan, Tajikistan, Afghanistan, Iran and Azerbaijan.",
            "stop": "2008-10-18T07:49:41.000Z",
            "item_fragment": "Uzbekistan",
            "precision": "ms",
            "start": "2008-10-18T07:49:41.000Z",
            "attributes": {
                "function": "id",
                "binning_id": "GIu9WVACl0a",
                "hits": 98808,
                "general_positive": 0.31034482758620691,
                "positive": 0.0,
                "fragment_count": 1,
                "violence": 0.0,
                "negative": 0.0,
                "entity": "B_Mbq",
                "canonic_id": "Cg6NXMt2SVz",
                "authors": [
                    "JtJDLs"
                ],
                "general_negative": 0.0
            },
            "document": {
                "sourceId": {
                    "description": "Turmenistan.ru is your first and best source for information about Turkmenistan",
                    "country": "Turkmenistan",
                    "topic": "JxSEs_",
                    "media_type": "JxSEs2",
                    "id": "JtIe6w",
                    "name": "Turkmenistan.ru"
                },
                "language": "eng",
                "title": "Gurbanguly Berdimuhamedov: Law should serve people",
                "url": "http://www.turkmenistan.ru/en/node/7467",
                "downloaded": "2013-03-01T12:32:17.957Z",
                "published": "2008-10-18T07:49:41.000Z",
                "indexed": "2008-10-18T07:49:41.000Z",
                "id": "JtI-Dy"
            },
            "type": "EntityOccurrence",
            "id": "GIu9WVACl0a",
            "momentum": 0.05335744794117394,
            "time_type": "in"
        }
    ]
}