{
    "count": {
        "references": {
            "total": 2,
            "returned": 2
        }
    },
    "status": "SUCCESS",
    "entities": {
        "B_Fa4": {
            "hits": 3294960,
            "name": "Asia",
            "pos": {
                "latitude": 29.84064,
                "longitude": 89.296880000000002
            },
            "alias": [
                "Aasia",
                "Àsia",
                "Azsia",
                "एशिया महादवीप",
                "Ασια",
                "an Áise",
                "Azja",
                "Ázsia",
                "Asya",
                "آسيا",
                "アジア",
                "Asie",
                "Ásia",
                "Asia",
                "Āzija",
                "एशिया महाद्वीप",
                "Azio",
                "Ασία",
                "Chau A",
                "アシア",
                "Азия",
                "Châu Á",
                "اسيا",
                "Azie",
                "Azië",
                "Asien",
                "เอเชย",
                "เอเชีย",
                "亚洲",
                "Asía",
                "Azija",
                "an Aise",
                "Азія",
                "אסיה"
            ],
            "external_links": {
                "wikipedia": {
                    "id": "Asia"
                }
            },
            "type": "Continent",
            "momentum": 0.22748442333265709
        },
        "B_Lrx": {
            "hits": 272296,
            "name": "Kyrgyzstan",
            "pos": {
                "latitude": 41.0,
                "longitude": 75.0
            },
            "alias": [
                "Kirgizio",
                "किरगिजसतान",
                "కరగజ‌సతన",
                "Kyrgyzstan",
                "قيرغيزستان",
                "Kirgizie",
                "キルキス",
                "Kyrgyz Republic",
                "Kyrgyzskaya Respublika",
                "קירגיזסטאן",
                "किरगिज",
                "Kigizisita",
                "Kirgisië",
                "കിര്‍ഗിസ്ഥാന്‍",
                "ເດກດສະຖານ",
                "Киргизи",
                "Kyrgystan",
                "キルギス",
                "Kirgizstan nutome",
                "Quirguicistan",
                "Kekisiteni",
                "ประเทศคีร์กีซสถาน",
                "Kirguizistán",
                "An Chirgeastain",
                "Kirguistan",
                "ڪِرگزِستانُ",
                "Cu-ro-gu-xtan",
                "คีร์กิซสถาน",
                "Quirguistão",
                "Kirgiisi",
                "Киргистан",
                "কির্ঘিজস্তান",
                "Kirgizistán",
                "കിര‍ഗിസഥാന‍",
                "Kiordistan",
                "キルキス共和国",
                "Kirgizsko",
                "Киргизстан",
                "किर्गिस्थान",
                "Կիրգիզստան",
                "Kirgīzija",
                "கிர்கிஸ்தான்",
                "Korgozstan",
                "Кыргызстан",
                "Kirgyzje",
                "قرغیزستان",
                "ခယကစစတန",
                "Киргизија",
                "किर्गिज",
                "Kirigizituaan",
                "કિરગિઝસતાન",
                "Kirgisie",
                "ครกซสถาน",
                "קירגיזסטן",
                "Kirgisia",
                "Kirgizistano",
                "키르기스스탄",
                "Kirgizskaya Respublika",
                "கிரகிஸதான",
                "Orileede Kurisisitani",
                "ཁིར་གིཛ་སྟཱན།",
                "کرغزستان",
                "Kirgisistan",
                "Kyrgyzstan Respublikasy",
                "Kirgizisztan",
                "Киргізстан",
                "قرغيزستان",
                "គៀរហ្គីស្តង់",
                "키르기스스탄",
                "ཁར་གཛ་སན།",
                "吉尔吉斯斯坦",
                "किरगिसथान",
                "Kirgisän",
                "ኪርጊስታን",
                "किरगिझस्तान",
                "Kirigisitani",
                "Қирғизистон",
                "Qirgizîstan",
                "An Chirgeastáin",
                "Cirgistan",
                "Kirghisistan",
                "قىرغىزىستان",
                "Orílẹ́ède Kuriṣisitani",
                "Qırgızıstan",
                "Kirgizstana",
                "Kirguisistan",
                "Kirgiisia",
                "କରଗଜସଥାନ",
                "କିର୍ଗିଜିସ୍ଥାନ",
                "Kirigizitùaan",
                "Kirigizistani",
                "キルキスタン",
                "Кургистан",
                "Κιργιστάν",
                "Kirgizstāna",
                "Kârgâzstan",
                "ခယ်ကစ်စတန်",
                "Κιργιζια",
                "Kirgiztanas",
                "Kirghiz Soviet Socialist Republic",
                "Qirgizistan",
                "Kirgizskaya Sovetskaya Sotsialisticheskaya Respublika",
                "Kɛɛgestan",
                "키르기스",
                "Quirguistao",
                "Kırqızstan",
                "Kargazstan",
                "Quirguicistán - Кыргыз Республикасы",
                "కరజసతన",
                "គៀរហគសតង",
                "Kirgizija",
                "Kirgizstan",
                "吉尔吉克斯坦",
                "কিরঘিজসতান",
                "Kirghizia",
                "Kirgizistan",
                "కిర్గిజ్‌స్తాన్",
                "Kyrgyz Respublikasy",
                "キルギスタン",
                "Kirghizistan",
                "คีร์กีซสถาน",
                "Republic of Kyrgyzstan",
                "Kirgisan",
                "Quirguicistán",
                "Κιργισταν",
                "কিরগিজিযা",
                "Kirgiz Soviet Socialist Republic",
                "Kirgizisztán",
                "Ղրղզստան",
                "کرغستان",
                "Kirigizisitaŋ",
                "Kirgisien",
                "किरगिझसतान",
                "Kirigizisitaani",
                "কির্গিজিয়া",
                "Qırğızıstan",
                "Кыргызской Республики",
                "ყირგიზეთი",
                "ಕರಗಸಥಾನ",
                "Kirgizië",
                "Quirguizstan",
                "Kirgistaan",
                "ಕಿರ್ಗಿಸ್ಥಾನ್",
                "i-Kyrgyzstan",
                "Kigizisitá",
                "Kirgistan",
                "Kyrgyzstán",
                "キルギス共和国",
                "किरगिजस्तान",
                "Киргизия",
                "ເດີກິດສະຖານ",
                "Kõrgõzstan",
                "ประเทศครกซสถาน",
                "키르기스",
                "કિર્ગિઝ્સ્તાન",
                "Quirguicistan - Кыргыз Республикасы",
                "Қырғызстан",
                "قرقیزستان",
                "ڪرگزستان",
                "కిర్జిస్తాన్",
                "Qirgʻiziston",
                "Kirguisistán",
                "Кыргызскои Республики",
                "Cư-rơ-gư-xtan",
                "Κιργιζία",
                "Kirguizistan",
                "Kirguistán",
                "Chirgisia",
                "Kirgistani",
                "Kırgızistan",
                "Pow Kyrgys"
            ],
            "momentum": 0.0027502165339847941,
            "type": "Country",
            "containers": [
                "B_Fa4"
            ],
            "external_links": {
                "wikipedia": {
                    "id": "Kyrgyzstan"
                }
            }
        },
        "I2ExIg": {
            "hits": 4,
            "name": "Moscow",
            "pos": {
                "latitude": 55.761670000000002,
                "longitude": 37.606670000000001
            },
            "alias": [
                "Москва",
                "Moscow",
                "Moscou",
                "Moskva",
                "Maskva",
                "Moscú",
                "Moscu",
                "Moskou"
            ],
            "momentum": 0.00022697307204027272,
            "longname": "Moscow,Russia",
            "type": "ProvinceOrState",
            "containers": [
                "B_FA-",
                "B_Fb9"
            ]
        },
        "B_GRZ": {
            "hits": 1817646,
            "name": "North America",
            "pos": {
                "latitude": 46.073230000000002,
                "longitude": -100.54688
            },
            "alias": [
                "Norteamerica",
                "América do Norte",
                "Северна Америка",
                "Amérique du Nord",
                "شمالی امریکہ",
                "Bac My",
                "Norður-Ameríka",
                "America settentrionale",
                "Abya Yala",
                "Amèrica del Nord",
                "Severni Amerika",
                "Nordamerika",
                "Meiriceá Thuaidh",
                "Βορεια Αμερικη",
                "North America",
                "Nordameriko",
                "उत्तरी अमरीका",
                "北美洲",
                "Norður-Amerika",
                "Noord-Amerika",
                "Meiricea Thuaidh",
                "Siaures Amerika",
                "امريكا الشمالية",
                "Северная Америка",
                "Šiaurės Amerika",
                "Pohjois-Amerikka",
                "Bắc Mỹ",
                "उततरी अमरीका",
                "Kuzey Amerika",
                "Eszak-Amerika",
                "Ameryka Północna",
                "Sjeverna Amerika",
                "America del Norte",
                "América Septentrional",
                "อเมรกาเหนอ",
                "Amerique du Nord",
                "Severní Amerika",
                "America Septentrional",
                "Βόρεια Αμερική",
                "Ziemelamerika",
                "Ameryka Połnocna",
                "Amerika Utara",
                "Gogledd America",
                "อเมริกาเหนือ",
                "America del Nord",
                "Davvi-Amerihkka",
                "北アメリカ",
                "Észak-Amerika",
                "America do Norte",
                "أمريكا الشمالية",
                "Північна Америка",
                "אמריקה הצפונית",
                "Ziemeļamerika",
                "América del Norte",
                "Nord-Amerika",
                "Davvi-Amerihkká",
                "Norteamérica"
            ],
            "type": "Continent",
            "momentum": 0.12090951134361322
        },
        "B_FAG": {
            "hits": 64882423,
            "name": "United States",
            "pos": {
                "latitude": 39.759999999999998,
                "longitude": -98.5
            },
            "alias": [
                "Amerihka Ovttastuvvan Stahtat",
                "Stadou-Unanet",
                "Ameerika Ühendriigid",
                "アメリカ合衆国",
                "Jungtines Amerikos Valstijos",
                "Verenigde State van Amerika",
                "الاولايات المتحدة الامريكية",
                "Злучаныя Штаты",
                "Sjedinjene Americke Drzave",
                "ଯୁକ୍ତ ରାଷ୍ଟ୍ର ଆମେରିକା",
                "Amerika Birləşmiş Ştatları",
                "ཡུ་ནའིཊེཊ་སི་ཊེསི",
                "Etazonia",
                "Amerika Birləsmis Statları",
                "ಅಮೇರಿಕಾ ಸಂಯುಕ್ತ ಸಂಸ್ಥಾನ",
                "सयकत राजय अमरिका",
                "ಅಮೕರಕಾ ಸಂಯುಕತ ಸಂಸಥಾನ",
                "សហរដឋអាមេរក",
                "එක්සත් ජනපදය",
                "ამერიკის შეერთებული შტატები",
                "الولايات المتحدة الأمريكية",
                "Jungtinės Valstijos US",
                "Ամէրիկայի Միացյալ Նահանգնէր",
                "Spojene staty",
                "संयुक्त राज्य",
                "Statos Unite",
                "U.S.A.",
                "එකසත ජනපදය",
                "Naalagaaffeqatigiit",
                "ꂰꇩ",
                "U.S.",
                "Amurka",
                "Злучаныя Штаты Амерыкі",
                "አሜሪካ",
                "Amerika Syarikat",
                "សហរដ្ឋអាមេរិក",
                "Zdruzene drzave Amerike",
                "สหรฐอเมรกา",
                "Dowlaaji Dentuɗi Amerik",
                "Bandariki Norður-Ameriku",
                "संयुक्त राज्य अमरिका",
                "United States",
                "Amerika Serikat",
                "ສະຫະລັດອາເມລິກາ",
                "Amerika Birleşik Devletleri",
                "Ηνωμενες Πολιτειες της Αμερικης",
                "Shtetet e Bashkuara të Amerikës",
                "Spojene staty americke",
                "Sjedinjene Države",
                "যুক্তৰাষ্ট্ৰ",
                "Stany Zjednoczone",
                "Spojené štáty americké",
                "Usono",
                "ZDA",
                "Сједињене Америчке Државе",
                "Stati Uniti",
                "Amelika",
                "അമേരികകന‍ ഐകയനാടകള‍",
                "Jungtines Valstijos US",
                "ایالات متحدهٔ امریکا",
                "Съединени щати",
                "Orileede Orileede Amerika",
                "Ameriketako Estatu Batuak",
                "Amerikas Forenede Stater",
                "ཡ་ནའཊཊ་ས་ཊས",
                "Spojené státy americké",
                "ཨ་མ་ར་ཀ་",
                "सयकत राजय",
                "Stadis Unids da l'America",
                "Америкиин Нэгдсэн Улс",
                "ארצות הברית",
                "Сполучені Штати Америки",
                "Сједињене Државе",
                "ஐக்கிய அமெரிக்க குடியரசு",
                "ABD",
                "USA",
                "ریاستہايے متحدہ",
                "Estats Units",
                "Egyesult Allamok",
                "Amerika Birlesik Devletleri",
                "Estados Unidos de America",
                "ALeaa-Oko ti Amerika",
                "Bandaríkin",
                "মারকিন যকতরাষটর",
                "Statys Unys",
                "Egyesült Államok",
                "അമേരിക്കന്‍ ഐക്യനാടുകള്‍",
                "Ameerika Uhendriigid",
                "ယူနိုက်တက်စတိတ်",
                "ཨ་མེ་རི་ཀ་",
                "i-United States",
                "الولايات المتحدة الامريكية",
                "Hoa Ky",
                "Spojené štáty",
                "Orílẹ́ède Orilẹede Amerika",
                "United States of America",
                "Yr Unol Daleithiau",
                "Marekani",
                "США",
                "Stait Aontaithe Mheiricea",
                "Etats-Unis",
                "Shtetet e Bashkuara te Amerikes",
                "Yhdysvallat",
                "АҚШ",
                "संयुक्त राज्य अमेरिका",
                "Jungtinės Amerikos Valstijos",
                "Միացյալ Նահանգներ",
                "Stadoù-Unanet",
                "Sjedinjene Drzave",
                "Amerihká Ovttastuvvan Stáhtat",
                "ယနကတကစတတ",
                "Združene države Amerike",
                "Қушма Штатлар",
                "Соединенные Штаты",
                "Amerikas forente stater",
                "Statele Unite ale Americii",
                "Stáit Aontaithe Mheiriceá",
                "ສະຫະລດອາເມລກາ",
                "미국",
                "Ameriki",
                "సంయుకత రజయ అమరక",
                "USA nutome",
                "ÂLeaa-Ôko tî Amerika",
                "Соединети Американски Држави",
                "Estados Unidos",
                "Sambandsríki Amerika",
                "Қўшма Штатлар",
                "Amerika",
                "Amerikas Savienotās Valstis",
                "মার্কিন যুক্তরাষ্ট্র",
                "Verenigde Staten",
                "États-Unis",
                "Leta Zunze Ubumwe za Amerika",
                "సంయుక్త రాజ్య అమెరికా",
                "Maraykanka",
                "美国",
                "Amɛrika",
                "Sjedinjene Američke Države",
                "Statele Unite",
                "Puleʻanga fakatahataha ʻAmelika",
                "สหรัฐอเมริกา",
                "ஐககிய அமெரிகக குடியரசு",
                "Hoa Kỳ",
                "Bandarikin",
                "ایالات متحده",
                "Amerikas Forenta Stater",
                "Amerikas Savienotas Valstis",
                "وڵاتە یەکگرتووەکان",
                "ଯକତ ରାଷଟର ଆମେରକା",
                "미국",
                "America",
                "ایالات متحده امریکا",
                "Estados Unidos de América",
                "САЩ",
                "Bandaríki Norður-Ameríku",
                "যকতৰাষটৰ",
                "Vereinigte Staaten",
                "Sambandsriki Amerika",
                "ریاستہائے متحدہ",
                "Ηνωμένες Πολιτείες της Αμερικής",
                "Spojené státy",
                "Estatu Batuak",
                "Америкийн Нэгдсэн Улс",
                "Amerikas Förenta Stater"
            ],
            "momentum": 1.0,
            "longname": "United States",
            "type": "Country",
            "containers": [
                "B_GRZ"
            ],
            "external_links": {
                "wikipedia": {
                    "id": "United_States"
                }
            }
        },
        "B_Fb9": {
            "hits": 5789742,
            "name": "Russia",
            "pos": {
                "latitude": 60.0,
                "longitude": 100.0
            },
            "alias": [
                "Rusi",
                "Rusya",
                "ரஷயா",
                "רוסיה, הפדרציה של",
                "Российская Федерация",
                "Russische Föderation",
                "Расійская Федэрацыя",
                "Krievija",
                "รสเซย",
                "Ρωσια",
                "러시아",
                "रशिया",
                "Росіиська Федерація",
                "Den russiske føderasjon",
                "Orílẹ́ède Rọṣia",
                "ລດເຊຍ",
                "Росія",
                "Irisi",
                "ৰচ",
                "Cónaidhm na Rúise",
                "Руска Федерация",
                "Ryssland",
                "ລັດເຊຍ",
                "റഷയ",
                "ରୁଷିଆ",
                "রাশিয়া",
                "రషయ",
                "Russia nutome",
                "Ruska federacija",
                "Rusland",
                "ራሺያ",
                "i-Russia",
                "रस",
                "Russland",
                "Oroszországi Föderáció",
                "Rossiyskaya Federatsiya",
                "Russian Socialist Federative Soviet Republic",
                "Rusïi",
                "Urusi",
                "Conaidhm na Ruise",
                "Russische Foderation",
                "Ρωσία",
                "Federația Rusă",
                "Rusya Federasyonu",
                "รัสเซีย",
                "Venemaa",
                "Россия",
                "ꊉꇆꌦ",
                "Russian Federation",
                "Uburusiya",
                "Oroszorszagi Foderacio",
                "Federatia Rusa",
                "Rɔhyea",
                "Russja",
                "Ruská federácia",
                "Ruošša",
                "රුසියාව",
                "Russian Soviet Federative Socialist Republic",
                "रूस",
                "روسی",
                "ರಶಿಯಾ",
                "রাশিযা",
                "Rashiya",
                "Rossiyskaya Sovetskaya Federativnaya Sotsialisticheskaya Respublika",
                "ရရ",
                "Risí",
                "રશિયન ફેડરેશન",
                "Russia",
                "Lūsia",
                "Russie",
                "ரஷ்யா",
                "Federazione Russa",
                "ロシア",
                "Расія",
                "Venäjä",
                "Errusia",
                "ရုရှ",
                "Rasha",
                "Rusii",
                "Venaja",
                "Rusia",
                "রাশিয়া",
                "Орос",
                "Riisii",
                "ರಶಯಾ",
                "Rosja",
                "Ruska federacia",
                "Orileede Rosia",
                "რუსეთი",
                "Rusijos Federacija",
                "រូស្ស៊ី",
                "Lasa",
                "Russi",
                "Rússland",
                "Россииская Федерация",
                "Ruossa",
                "Rusija",
                "חבר המדינות הרוסיות",
                "Rosia",
                "Ruush",
                "રશિયન ફડરશન",
                "Rusujo",
                "Ruslandi",
                "រសស",
                "俄罗斯",
                "റഷ്യ",
                "Російська Федерація",
                "Nga",
                "روسیه",
                "Ռուսաստան",
                "Ресей",
                "روسيا",
                "Rusko",
                "రష్య",
                "ཨུ་རུ་སུ་",
                "Ruska Federacija",
                "Русија",
                "Lusia",
                "රසයාව",
                "ରଷଆ",
                "ڕووسیا",
                "Русия",
                "Ресеи",
                "Rússia",
                "Russian Soviet Federated Socialist Republic",
                "Rusiya",
                "Rwsia",
                "Risi",
                "ৰুচ",
                "Расіиская Федэрацыя",
                "ཨ་ར་ས་",
                "러시아",
                "Russische Federatie"
            ],
            "momentum": 0.11223670056197066,
            "type": "Country",
            "containers": [
                "B_FA-"
            ],
            "external_links": {
                "wikipedia": {
                    "id": "Russia"
                }
            }
        },
        "B_Fgr": {
            "hits": 4057010,
            "name": "Afghanistan",
            "pos": {
                "latitude": 33.0,
                "longitude": 66.0
            },
            "alias": [
                "Da Afghanestan Shahi Dowlat",
                "Republic of Afghanistan",
                "جمهورئ اسلامئ افغانستان",
                "Â-fu-hon",
                "Afghanistan",
                "សាធារណរដឋឥសលាមអាហវហកានសថាន",
                "ཨ་ཧྥུའུ་རྒན་སི་ཐན།",
                "Afghanístàn",
                "ஆப்கானித்தான்",
                "Afgania",
                "د افغانستان اسلامی جمهوریت",
                "अफगानिस्तान",
                "Dowlat-e Pādshāhī-ye Afghānestān",
                "અફઘાનિસ્તાન",
                "Dowlat-e Padshahi-ye Afghanestan",
                "Dowlat-e Eslami-ye Afghanestan",
                "Աֆղանստան",
                "ʻAfikanisitani",
                "អាហ្វហ្គានីស្ថាន",
                "A-fu-hon",
                "Afganio",
                "អាហវហគានសថាន",
                "ཨཕ་ག་ནས་ཏན་",
                "अफगाणिसतान",
                "Afganistán - افغانستان",
                "ఆఫఘనసతన",
                "Apganistan",
                "अफगानिषतान",
                "אפגניסטן",
                "Αφγανισταν",
                "Afgaanistaan",
                "Afuganistani",
                "ประเทศอฟกานสถาน",
                "ਅਫਗਾਨੀਸਤਾਨ",
                "Afğanistan",
                "جمهوري اسلامي افغانستان",
                "Doulat i Jumhouri ye Afghanistan",
                "အာဖဂနနစစတန",
                "ཨཕ་ག་ནས་ཏན",
                "De Afghanistan Islami Jumhuriyat",
                "ཨཕ་ག་ནིསི་ཏཱན་",
                "Republica de l'Afganistan",
                "אפגאניסטאן",
                "Affganistan",
                "Afeganistao",
                "Jomhūrī-ye Demowkrātīk-e Afghānestān",
                "ඇෆගනසථානය",
                "دولت اسلامي افغانستان",
                "Afiganistaŋ",
                "އފޣނސތނ",
                "Afghānestān",
                "아프가니스탄",
                "Afgańistan",
                "Afghánistán",
                "Afganistón",
                "อฟกานสถาน",
                "Áp-ga-ni-xtan",
                "Афғонистан",
                "അഫ്ഗാനിസ്ഥാന്‍",
                "אפגניסטאן",
                "ஆபகானிததான",
                "República de l'Afganistan",
                "ʻAfikānisitani",
                "Afaganisitani",
                "Afganistán",
                "ئافغانىستان",
                "ავღანეთი",
                "Jamhūrī-ye Islāmī-ye Afghānistān",
                "دولتٔ اسلامئ افغانستان",
                "Afganujo",
                "अफगाणिस्तान",
                "ཨཕ་ག་ནིསི་ཏཱན",
                "Afqaanistan",
                "Afuganisitani",
                "Yn Afghanistaan",
                "ஆப்கானிஸ்தான்",
                "Lafganistan",
                "Afiganisita",
                "i-Afghanistan",
                "Сарта Апганмудин Орн",
                "Əfqənistan",
                "يافغانىستان",
                "Afganistàn",
                "Jomhuri-ye Demowkratik-e Afghanestan",
                "أفغانستان",
                "Afeganistaun",
                "अफ़्गानिस्तान",
                "ఆఫ్ఘానిస్తాన్",
                "Afuganisita",
                "ประเทศอัฟกานิสถาน",
                "Dê Afghānistān Islāmī Jumhūriyat",
                "Orileede Afuganistani",
                "Jomhūrī-ye Eslāmī-ye Afghānestān",
                "An Afganastain",
                "ಅಫ್ಘಾನಿಸ್ತಾನ",
                "Afganistan",
                "Афгъанистан",
                "សាធារណរដ្ឋឥស្លាមអាហ្វហ្កានីស្ថាន",
                "അഫഗാനിസഥാന‍",
                "ఆఫ్ఘనిస్తాన్",
                "ඇෆ්ගනිස්ථානය",
                "Kingdom of Afghanistan",
                "Афґаністан",
                "阿富汗",
                "Afgansuyu",
                "আফগানিস্তান",
                "Афганистан",
                "Afganistaan",
                "अफ़गानिस्तान",
                "Afiganisitá",
                "افغانستان",
                "Jomhūrī-ye Afghānestān",
                "አፍጋኒስታን",
                "Әфганстан",
                "ອຟການດສະຖານ",
                "Afgànistan",
                "Афганістан",
                "ئەفغانستان",
                "Efganıstan",
                "Афғонистон",
                "ཨཕ་ག་ནི་སྟཱན།",
                "อัฟกานิสถาน",
                "Jomhuri-ye Afghanestan",
                "Afganistáni",
                "Avganistan",
                "アフカニスタン",
                "アフガニスタン・イスラム国",
                "Efğanıstan",
                "افغانيستان",
                "അഫഗാനിസതാൻ",
                "Afganistanas",
                "Afganistána",
                "အာဖဂန်နစ္စတန်",
                "アフガニスタン",
                "ଆଫାଗାନସତାନ",
                "അഫ്ഗാനിസ്താൻ",
                "ಅಫಘಾನಿಸ್ಥಾನ್",
                "Afganiston",
                "afyganisTAN",
                "ଆଫାଗାନିସ୍ତାନ୍",
                "Dowlat-e Eslāmī-ye Afghānestān",
                "Afaganistan",
                "يەفغانستان",
                "Afghanistan nutome",
                "Afganastan",
                "আফগানিসতান",
                "ಅಫಘಾನಸತಾನ",
                "अफगानिसतान",
                "Afxanistan",
                "I-Afugani",
                "Афганистаан",
                "‘Apekanikana",
                "अफगानसथान",
                "Afganistan - افغانستان",
                "Afganischtaan",
                "Faganita, Afganistaan",
                "ஆபகானிஸதான",
                "アフカニスタン・イスラム国",
                "Afganistāna",
                "Islamic Republic of Afghanistan",
                "Jomhuri-ye Eslami-ye Afghanestan",
                "Afeganistão",
                "Da Afghānestān Shāhī Dowlat",
                "Авганистан",
                "Afganistana",
                "અફઘાનિસતાન",
                "Faganïta, Afganïstäan",
                "Afganisztán",
                "Orílẹ́ède Àfùgànístánì",
                "ཨ་ཧའ་རན་ས་ཐན།",
                "Owganystan",
                "Jamhuri-ye Islami-ye Afghanistan",
                "Ap-ga-ni-xtan",
                "ཨཕ་ག་ན་སན།",
                "Islamic State of Afghanistan",
                "Αφγανιστάν",
                "아프가니스탄",
                "АфгIанистан",
                "Afganistani",
                "Democratic Republic of Afghanistan",
                "Ауғанстан",
                "𐌰𐍆𐌲𐌰𐌽𐌹𐍃𐍄𐌰𐌽",
                "Afgʻoniston",
                "अफगानस्थान",
                "ಅಫಘಾನಸಥಾನ",
                "Afganisztan",
                "An Afganastáin",
                "Afghanestan",
                "Afghanistaan",
                "अफ्गानिष्तान",
                "އަފްޣާނިސްތާން",
                "Lafganistän",
                "ອັຟການິດສະຖານ",
                "Əfqanıstan"
            ],
            "momentum": 0.077869061302237114,
            "longname": "Afganistan",
            "type": "Country",
            "containers": [
                "B_Fa4"
            ],
            "external_links": {
                "wikipedia": {
                    "id": "Afghanistan"
                }
            }
        },
        "B_FA-": {
            "hits": 7889572,
            "name": "Europe",
            "pos": {
                "latitude": 48.690959999999997,
                "longitude": 9.1406200000000002
            },
            "alias": [
                "Європа",
                "Európa",
                "Eurooppa",
                "Europo",
                "أوروبا",
                "Europe",
                "اوروبا",
                "El viejo continente",
                "Ευρώπη",
                "欧洲",
                "यूरोप",
                "an Eoraip",
                "Ευρωπη",
                "Evrópa",
                "ยุโรป",
                "Eŭropo",
                "यरोप",
                "Châu Âu",
                "Eropa",
                "Chau Au",
                "Ewrop",
                "Europa",
                "ヨーロッハ",
                "ヨーロッパ",
                "ยโรป",
                "Eurohpa",
                "אירופה",
                "Европа",
                "Evropa",
                "Eiropa",
                "Eurohpá",
                "Avrupa"
            ],
            "type": "Continent",
            "momentum": 0.73321894789810182
        },
        "I2End3": {
            "hits": 1482078,
            "name": "Moscow",
            "pos": {
                "latitude": 55.752220000000001,
                "longitude": 37.615560000000002
            },
            "alias": [
                "Mosco",
                "มอสโก",
                "Maskaw",
                "موسكو",
                "מוסקבה",
                "Moszkva",
                "מאסקװע",
                "Москова",
                "מאָסקװע",
                "Mosca",
                "Moskau",
                "Matxcova",
                "MOW",
                "Mát-xcơ-va",
                "Горад Масква",
                "மாஸ்கோ",
                "مسکو",
                "Moskova",
                "Moskowa",
                "Matxcơva",
                "Moscua",
                "모스크바",
                "Moscu",
                "Moscow",
                "Moscou",
                "Moscòu",
                "Moskuas",
                "Москъва",
                "Москох",
                "मास्को",
                "מאסקווע",
                "Moska",
                "ماسکو",
                "མ་ས་ཁ།",
                "Москва",
                "Mosko",
                "莫斯科",
                "Mosku",
                "Մոսկվա",
                "मॉसको",
                "Moskow",
                "मॉस्को",
                "Moskov",
                "Moskou",
                "موسكۋا",
                "མོ་སི་ཁོ།",
                "Маскав",
                "ሞስኮ",
                "Moskwa",
                "მოსკოვი",
                "ܡܘܣܩܒܐ",
                "Moskvo",
                "Μοσχα",
                "Mat-xco-va",
                "মস্কো",
                "मासको",
                "Mäskäw",
                "Mòskwa",
                "Мæскуы",
                "Moscovo",
                "모스크바",
                "Moscova",
                "மாஸகோ",
                "Moscù",
                "Moscó",
                "Moskva",
                "Moscú",
                "মসকো",
                "Moscoƿ",
                "Maskava",
                "Maskva",
                "Муско",
                "モスクワ",
                "Μόσχα",
                "Мускав",
                "Moscfa"
            ],
            "momentum": 0.12696836284938914,
            "longname": "Moscow,Russia",
            "type": "City",
            "containers": [
                "B_Fb9",
                "I2ExIg",
                "B_FA-"
            ],
            "external_links": {
                "wikipedia": {
                    "id": "Moscow"
                }
            }
        }
    },
    "instances": [
        {
            "cluster_ids": [
                "D6LkqJQVT4a",
                "DdxgkIfjDOh"
            ],
            "document": {
                "sourceId": {
                    "description": "World news about Turkmenistan, including breaking news and archival articles published in The New York Times.",
                    "country": "Turkmenistan",
                    "topic": "JxSEs3",
                    "media_type": "JxSEs2",
                    "id": "JtIe5a",
                    "name": "NYT  Turkmenistan"
                },
                "language": "eng",
                "title": "Russia’s Neighbors Resist Wooing and Bullying",
                "url": "http://www.nytimes.com/2009/07/03/world/europe/03russia.html?partner=rssnyt&emc=rss",
                "downloaded": "2013-03-01T12:30:45.793Z",
                "published": "2009-07-03T05:00:00.000Z",
                "indexed": "2009-07-03T05:00:00.000Z",
                "id": "JtI9Il"
            },
            "tagged_fragment": "<t>In February</t>, <e id=I2End3>Moscow</e> seemed to have achieved a master...<i id=GKD9DQAGjUJ><e id=I2End3>Moscow</e> wanted the base, a key transit hub for the <e id=B_FAG>United States</e>' war in <e id=B_Fgr>Afghanistan</e>, shut down; <e id=B_Lrx>Kyrgyzstan</e> wanted more money.</i>",
            "fragment": "Moscow wanted the base, a key transit hub for the United States' war in Afghanistan, shut down; Kyrgyzstan wanted more money.",
            "time_fragment": "In February",
            "stop": "2009-02-28T23:59:59.000Z",
            "item_fragment": "Moscow wanted the base, a key transit hub for the United States' war in Afghanistan, shut down; Kyrgyzstan wanted more money.",
            "precision": "month",
            "start": "2009-02-01T00:00:00.000Z",
            "attributes": {
                "function": "id",
                "binning_id": "GKD9DQAGjUJ",
                "hits": 0,
                "general_positive": 0.69230769230769229,
                "positive": 0.0,
                "fragment_count": 1,
                "violence": 0.0,
                "negative": 0.34615384615384615,
                "entities": [
                    "B_Lrx",
                    "B_FAG",
                    "B_Fgr",
                    "I2End3"
                ],
                "canonic_id": "FFVHbCcwXkR",
                "inherited_locations": [
                    "B_Fgr",
                    "B_Lrx",
                    "B_FAG",
                    "I2End3"
                ],
                "general_negative": 0.0,
                "document_category": "Politics"
            },
            "time_type": "in",
            "type": "CoOccurrence",
            "id": "GKD9DQAGjUJ",
            "momentum": 0.0,
            "time_fragment_context": "In February, Moscow seemed to have achieved a master stroke  at a news conference announcing the pledge of $2.15 billion in Russian aid, Mr. Bakiyev said the United States would have to leave Manas in six months."
        },
        {
            "cluster_ids": [
                "H3vR9LF4i4G",
                "DIoOemcucQh"
            ],
            "document": {
                "sourceId": {
                    "description": "World news about Turkmenistan, including breaking news and archival articles published in The New York Times.",
                    "country": "Turkmenistan",
                    "topic": "JxSEs3",
                    "media_type": "JxSEs2",
                    "id": "JtIe5a",
                    "name": "NYT  Turkmenistan"
                },
                "language": "eng",
                "title": "Russia’s Neighbors Resist Wooing and Bullying",
                "url": "http://www.nytimes.com/2009/07/03/world/europe/03russia.html?partner=rssnyt&emc=rss",
                "downloaded": "2013-03-01T12:30:45.793Z",
                "published": "2009-07-03T05:00:00.000Z",
                "indexed": "2009-07-03T05:00:00.000Z",
                "id": "JtI9Il"
            },
            "tagged_fragment": "<t>In February</t>, <e id=I2End3>Moscow</e> seemed to have achieved a master...<e id=I2End3>Moscow</e> wanted the base, a key transit hub for the <e id=B_FAG>United States</e>' war in <i id=GKD9DQAGjSg><e id=B_Fgr>Afghanistan</e></i>, shut down; <e id=B_Lrx>Kyrgyzstan</e> wanted more money.",
            "fragment": "Moscow wanted the base, a key transit hub for the United States' war in Afghanistan, shut down; Kyrgyzstan wanted more money.",
            "time_fragment": "In February",
            "stop": "2009-02-28T23:59:59.000Z",
            "item_fragment": "Afghanistan",
            "precision": "month",
            "start": "2009-02-01T00:00:00.000Z",
            "attributes": {
                "function": "id",
                "binning_id": "GKD9DQAGjSg",
                "hits": 1615188,
                "general_positive": 0.69230769230769229,
                "positive": 0.0,
                "fragment_count": 1,
                "violence": 0.0,
                "negative": 0.34615384615384615,
                "entity": "B_Fgr",
                "canonic_id": "D9XHmIjfXS8",
                "general_negative": 0.0,
                "document_category": "Politics"
            },
            "time_type": "in",
            "type": "EntityOccurrence",
            "id": "GKD9DQAGjSg",
            "momentum": 0.046390287150316907,
            "time_fragment_context": "In February, Moscow seemed to have achieved a master stroke  at a news conference announcing the pledge of $2.15 billion in Russian aid, Mr. Bakiyev said the United States would have to leave Manas in six months."
        }
    ]
}