{
    "count": {
        "references": {
            "total": 3,
            "returned": 3
        }
    },
    "status": "SUCCESS",
    "entities": {
        "B_Fa4": {
            "hits": 3294946,
            "name": "Asia",
            "pos": {
                "latitude": 29.84064,
                "longitude": 89.296880000000002
            },
            "alias": [
                "Aasia",
                "Àsia",
                "Azsia",
                "एशिया महादवीप",
                "Ασια",
                "an Áise",
                "Azja",
                "Ázsia",
                "Asya",
                "آسيا",
                "アジア",
                "Asie",
                "Ásia",
                "Asia",
                "Āzija",
                "एशिया महाद्वीप",
                "Azio",
                "Ασία",
                "Chau A",
                "アシア",
                "Азия",
                "Châu Á",
                "اسيا",
                "Azie",
                "Azië",
                "Asien",
                "เอเชย",
                "เอเชีย",
                "亚洲",
                "Asía",
                "Azija",
                "an Aise",
                "Азія",
                "אסיה"
            ],
            "external_links": {
                "wikipedia": {
                    "id": "Asia"
                }
            },
            "type": "Continent",
            "momentum": 0.23063870841411829
        },
        "B_Mbq": {
            "hits": 208692,
            "name": "Uzbekistan",
            "pos": {
                "latitude": 41.707540000000002,
                "longitude": 63.849110000000003
            },
            "alias": [
                "Usbekistan",
                "Узбекістан",
                "Uzbek Soviet Socialist Republic",
                "Üzbegisztán",
                "Usbequistán",
                "Uzubekistan",
                "Uzbequistao",
                "Uzbɛkistan",
                "Usbekistaan",
                "Uzbequistan",
                "អហសបេគសតង",
                "ཨཛ་བ་ཀས་ཏན",
                "Uzbekistaan",
                "اوزبكستان",
                "Úisbéiceastáin",
                "Uusbakistaan",
                "Wsbecistan",
                "อุซเบกิสถาน",
                "Oezbekistan",
                "উজ্বেকিস্থান",
                "Oesbekistan",
                "उझबकिसतान",
                "Uzbekistan",
                "উজবেকিস্তান",
                "ອດເບກສະຖານ",
                "U-do-be-ki-xtan",
                "Ûzbêkistan",
                "উজবেকিসথান",
                "ウズベキスタン共和国",
                "אוזבעקיסטאן",
                "Orileede Nsibekisitani",
                "Uzibɛkisita",
                "ʻUsipekiteni",
                "Ўзбекистон",
                "ประเทศอซเบกสถาน",
                "ازبکستان",
                "ઉઝબકિસતાન",
                "ཨུཛ་བེ་ཀིསི་ཏཱན",
                "ઉઝ્બેકિસ્તાન",
                "អ៊ូហ្សបេគីស្តង់",
                "Uzbekio",
                "Pow Ousbek",
                "Uzebekisitani",
                "ཨཛ་བ་ཀསན།",
                "Узбэкістан",
                "Ouzbékistan",
                "Uzibekistani",
                "Wuzibekisitaani",
                "Uzbekistäan",
                "Użbekistan",
                "उजबकिसतान",
                "אוזבקיסטאן",
                "उजबकिसथान",
                "أوزبكستان",
                "उजबेकिस्तान",
                "ウスヘキスタン共和国",
                "우즈베키스탄",
                "Ӳспекстан",
                "Uzbekija",
                "Uzbekskaya Sovetskaya Sotsialisticheskaya Respublika",
                "Узбакистон",
                "Uisbeiceastain",
                "Uzbequistão",
                "ອຸດເບກິສະຖານ",
                "乌兹别克斯坦",
                "ಉಜಬೕಕಸಥಾನ",
                "Ozbəkistan",
                "Uzbegisztan",
                "उझबेकिस्तान",
                "Узбекистан",
                "ఉజ్బెకిస్తాన్",
                "ประเทศอุซเบกิสถาน",
                "ଉଜବେକିସ୍ଥାନ୍",
                "Uzbekistan nutome",
                "உஸபெகிஸதான",
                "ウスヘキスタン",
                "ଉଜବେକସଥାନ",
                "ಉಜ್ಬೇಕಿಸ್ಥಾನ್",
                "Успекстан",
                "उज़्बेकिस्तान",
                "Ouzbekistan",
                "Ουζμπεκιστάν",
                "אוזבקיסטן",
                "Ուզբեկիստան",
                "ഉസബെകകിസഥാന‍",
                "ఉజబకసతన",
                "Úsbekistan",
                "ʻUsipekitēni",
                "Uzbekiston Respublikasi",
                "อซเบกสถาน",
                "Ուզբեկստան",
                "උස්බෙකිස්ථානය",
                "Orílẹ́ède Nṣibẹkisitani",
                "Үзбәкстан",
                "U-dơ-bê-ki-xtan",
                "Uzbequistán",
                "Uzbekistán",
                "ウズベキスタン",
                "Lusbekän",
                "Uzbekistani",
                "ئۆزبېكىستان",
                "i-Uzbekistan",
                "يوزبەکستان",
                "Usbequistan",
                "উজবেকিসতান",
                "Lusbekan",
                "Uzbekistana",
                "Ozbèquistan",
                "ازبكستان",
                "Ӯзбакистон",
                "ဥဘက်ကစ္စတန်",
                "ዩዝበኪስታን",
                "يۆزبېكىستان",
                "Uzibɛkisitá",
                "Uzbekujo",
                "उज्बेकिस्तान",
                "L’Uzbekistan",
                "Oʻzbekiston",
                "Uzibekisita",
                "اوزبکستان",
                "Ŭzbekiston Respublikasi",
                "Uzbekistāna",
                "Ozbekistan",
                "උසබෙකසථානය",
                "Өзбекстан",
                "உஸ்பெகிஸ்தான்",
                "Ozbequistan",
                "Özbekistan",
                "Uzubekisitani",
                "Uzbecia",
                "O’zbekiston",
                "Ουζμπεκισταν",
                "Узбекистон",
                "უზბეკეთი",
                "Republic of Uzbekistan",
                "უზბაკეთი",
                "Uzbekistanas",
                "우즈베키스탄",
                "ഉസ്ബെക്കിസ്ഥാന്‍",
                "ဥဘကကစစတန",
                "ཨུཛ་བེ་ཀིསྟཱན།",
                "Özbəkistan",
                "ئوزبەکستان",
                "उजबेकिस्थान"
            ],
            "momentum": 0.0017506792716519067,
            "type": "Country",
            "containers": [
                "B_Fa4"
            ],
            "external_links": {
                "wikipedia": {
                    "id": "Uzbekistan"
                }
            }
        },
        "I2ExIg": {
            "hits": 4,
            "name": "Moscow",
            "pos": {
                "latitude": 55.761670000000002,
                "longitude": 37.606670000000001
            },
            "alias": [
                "Москва",
                "Moscow",
                "Moscou",
                "Moskva",
                "Maskva",
                "Moscú",
                "Moscu",
                "Moskou"
            ],
            "momentum": 0.00022697307204027272,
            "longname": "Moscow,Russia",
            "type": "ProvinceOrState",
            "containers": [
                "B_Fb9",
                "B_FA-"
            ]
        },
        "B_Fb9": {
            "hits": 5789680,
            "name": "Russia",
            "pos": {
                "latitude": 60.0,
                "longitude": 100.0
            },
            "alias": [
                "Rusi",
                "Rusya",
                "ரஷயா",
                "רוסיה, הפדרציה של",
                "Российская Федерация",
                "Russische Föderation",
                "Расійская Федэрацыя",
                "Krievija",
                "รสเซย",
                "Ρωσια",
                "러시아",
                "रशिया",
                "Росіиська Федерація",
                "Den russiske føderasjon",
                "Orílẹ́ède Rọṣia",
                "ລດເຊຍ",
                "Росія",
                "Irisi",
                "ৰচ",
                "Cónaidhm na Rúise",
                "Руска Федерация",
                "Ryssland",
                "ລັດເຊຍ",
                "റഷയ",
                "ରୁଷିଆ",
                "রাশিয়া",
                "రషయ",
                "Russia nutome",
                "Ruska federacija",
                "Rusland",
                "ራሺያ",
                "i-Russia",
                "रस",
                "Russland",
                "Oroszországi Föderáció",
                "Rossiyskaya Federatsiya",
                "Russian Socialist Federative Soviet Republic",
                "Rusïi",
                "Urusi",
                "Conaidhm na Ruise",
                "Russische Foderation",
                "Ρωσία",
                "Federația Rusă",
                "Rusya Federasyonu",
                "รัสเซีย",
                "Venemaa",
                "Россия",
                "ꊉꇆꌦ",
                "Russian Federation",
                "Uburusiya",
                "Oroszorszagi Foderacio",
                "Federatia Rusa",
                "Rɔhyea",
                "Russja",
                "Ruská federácia",
                "Ruošša",
                "රුසියාව",
                "Russian Soviet Federative Socialist Republic",
                "रूस",
                "روسی",
                "ರಶಿಯಾ",
                "রাশিযা",
                "Rashiya",
                "Rossiyskaya Sovetskaya Federativnaya Sotsialisticheskaya Respublika",
                "ရရ",
                "Risí",
                "રશિયન ફેડરેશન",
                "Russia",
                "Lūsia",
                "Russie",
                "ரஷ்யா",
                "Federazione Russa",
                "ロシア",
                "Расія",
                "Venäjä",
                "Errusia",
                "ရုရှ",
                "Rasha",
                "Rusii",
                "Venaja",
                "Rusia",
                "রাশিয়া",
                "Орос",
                "Riisii",
                "ರಶಯಾ",
                "Rosja",
                "Ruska federacia",
                "Orileede Rosia",
                "რუსეთი",
                "Rusijos Federacija",
                "រូស្ស៊ី",
                "Lasa",
                "Russi",
                "Rússland",
                "Россииская Федерация",
                "Ruossa",
                "Rusija",
                "חבר המדינות הרוסיות",
                "Rosia",
                "Ruush",
                "રશિયન ફડરશન",
                "Rusujo",
                "Ruslandi",
                "រសស",
                "俄罗斯",
                "റഷ്യ",
                "Російська Федерація",
                "Nga",
                "روسیه",
                "Ռուսաստան",
                "Ресей",
                "روسيا",
                "Rusko",
                "రష్య",
                "ཨུ་རུ་སུ་",
                "Ruska Federacija",
                "Русија",
                "Lusia",
                "රසයාව",
                "ରଷଆ",
                "ڕووسیا",
                "Русия",
                "Ресеи",
                "Rússia",
                "Russian Soviet Federated Socialist Republic",
                "Rusiya",
                "Rwsia",
                "Risi",
                "ৰুচ",
                "Расіиская Федэрацыя",
                "ཨ་ར་ས་",
                "러시아",
                "Russische Federatie"
            ],
            "momentum": 0.1013930737562407,
            "type": "Country",
            "containers": [
                "B_FA-"
            ],
            "external_links": {
                "wikipedia": {
                    "id": "Russia"
                }
            }
        },
        "B_G1L": {
            "hits": 263901,
            "name": "Belarus",
            "pos": {
                "latitude": 53.0,
                "longitude": 28.0
            },
            "alias": [
                "Belarus",
                "Hvita-Russland",
                "Bê-la-rút",
                "ベラルーシ共和国",
                "بیلاڕووس",
                "Беларус",
                "Wittrussland",
                "Rusya Sipi",
                "Baltkrievija",
                "Baltarusija",
                "ବେଲାରଷ",
                "Republic of Belarus",
                "ܪܘܣܝܐ ܚܘܪܐ",
                "বেলারশ",
                "ಬೊಲಿವಿಯಾ",
                "بیلاروس",
                "ເບນລາຮັສ",
                "Hvitarussland",
                "Valgevene",
                "Belorusio",
                "Fehéroroszország",
                "ประเทศเบลารุส",
                "بېلورۇسىيە",
                "बेलारूस",
                "بیلارس",
                "벨라루스",
                "Bièlorussie",
                "Belorusija",
                "Bɛlarus",
                "Bilarus",
                "Беларусь",
                "Bielorussia",
                "Kviterussland",
                "बेलारुस",
                "Bielorússia",
                "เบลารุส",
                "Belaruus",
                "ബെലറസ",
                "베라루스",
                "Belorusujo",
                "Bielorussie",
                "روسيا البيضاء",
                "Vieta-Rusän",
                "Wyt-Ruslan",
                "બલારસ",
                "روسیه‌ سفید",
                "Бѣла Рѹсь",
                "బెలారస్",
                "Orileede Belarusi",
                "Białoruś",
                "Beyaz Rusya",
                "Белорусия",
                "베라루스",
                "বেলোরুশিয়া",
                "བ་ལ་ར་ས།",
                "બેલારુસ",
                "ประเทศเบลารส",
                "Wit-Rusland",
                "Bielorrusia",
                "بلاروس",
                "ܒܠܪܘܣ",
                "ເບນລາຮສ",
                "Byelorussian Soviet Socialist Republic",
                "ベラルーシ",
                "i-Belarus",
                "Belarusia",
                "Be-la-rut",
                "Valko-Venäjä",
                "Belarws",
                "Белоруссия",
                "បេឡារុស្ស",
                "Bielorrússia",
                "ബെലറൂസ്",
                "Belarrusia",
                "Respublika Byelarus’",
                "ಬೂಲವಯಾ",
                "Λευκορωσία",
                "ヘラルーシ",
                "Belorusko",
                "பெலாரூஸ",
                "Orílẹ́ède Bélárúsì",
                "பெலாரூஸ்",
                "Belorusskaya Sovetskaya Sotsialisticheskaya Respublika",
                "ቤላሩስ",
                "බෙලරස",
                "Byelaruskaya Savyetskaya Satsyyalistychnaya Respublika",
                "Vitryssland",
                "Belausi",
                "Valko-Venaja",
                "Weißrussland",
                "Bhelarusi",
                "Белорусија",
                "Bielorrussia",
                "Vilges-Ruossa",
                "Belarüsi",
                "বেলোরশিযা",
                "បេឡារសស",
                "An Bhealarúis",
                "Bielorrusia - Беларусь",
                "බෙලරුස්",
                "Belarus nutome",
                "Bélarus",
                "ဘီလာရုစ်",
                "ဘလာရစ",
                "Hviderusland",
                "Hvíta-Rússland",
                "เบลารส",
                "Ruthenia Alba",
                "Białorus",
                "Belarosy",
                "Bjellorusia",
                "बलारस",
                "An Bhealaruis",
                "Bjelorusija",
                "Vilges-Ruošša",
                "Bielo-Rússia",
                "Բելոռուս",
                "بیلوروسی",
                "Bjelorussja",
                "Bělorusko",
                "ბელარუსი",
                "Byelorisi",
                "བེ་ལུ་རུ་སུ།",
                "Vieta-Rusan",
                "Byelarus",
                "Bjellorusi",
                "Bielorusia",
                "Wyt-Ruslân",
                "Բելառուս",
                "బలరస",
                "Білорусь",
                "Běłoruska",
                "Λευκορωσια",
                "Bielorusko",
                "Белоруси",
                "Hvideruslandi",
                "Bełoruska",
                "Hviterussland",
                "Hvítarussland",
                "ᏇᎳᎷᏒ",
                "בלרוס",
                "Wäissrussland",
                "Belarusi",
                "ბელორუსია",
                "Waissrussland",
                "பெலாரஸ",
                "Biélorussie",
                "벨라루스",
                "בעלארוסיע",
                "Belarussi",
                "Republic of Byelarus",
                "Belorusszia",
                "Rûsya Sipî",
                "בלארוס",
                "White Russian Soviet Socialist Republic",
                "בעלאָרוסיע",
                "বেলারুশ",
                "Bielo-Russia",
                "白俄罗斯",
                "பெலாரஸ்",
                "Pelelusi",
                "Feheroroszorszag",
                "ヘラルーシ共和国",
                "ବେଲାରୁଷ୍"
            ],
            "momentum": 0.0047643476608841126,
            "type": "Country",
            "containers": [
                "B_FA-"
            ],
            "external_links": {
                "wikipedia": {
                    "id": "Belarus"
                }
            }
        },
        "B_FA-": {
            "hits": 7889535,
            "name": "Europe",
            "pos": {
                "latitude": 48.690959999999997,
                "longitude": 9.1406200000000002
            },
            "alias": [
                "Європа",
                "Európa",
                "Eurooppa",
                "Europo",
                "أوروبا",
                "Europe",
                "اوروبا",
                "El viejo continente",
                "Ευρώπη",
                "欧洲",
                "यूरोप",
                "an Eoraip",
                "Ευρωπη",
                "Evrópa",
                "ยุโรป",
                "Eŭropo",
                "यरोप",
                "Châu Âu",
                "Eropa",
                "Chau Au",
                "Ewrop",
                "Europa",
                "ヨーロッハ",
                "ヨーロッパ",
                "ยโรป",
                "Eurohpa",
                "אירופה",
                "Европа",
                "Evropa",
                "Eiropa",
                "Eurohpá",
                "Avrupa"
            ],
            "type": "Continent",
            "momentum": 0.7411766247276016
        },
        "Fq5EM": {
            "hits": 789222,
            "type": "Organization",
            "name": "NATO",
            "momentum": 0.17354210995769873,
            "external_links": {
                "wikipedia": {
                    "id": "NATO"
                }
            }
        },
        "I2End3": {
            "hits": 1482036,
            "name": "Moscow",
            "pos": {
                "latitude": 55.752220000000001,
                "longitude": 37.615560000000002
            },
            "alias": [
                "Mosco",
                "มอสโก",
                "Maskaw",
                "موسكو",
                "מוסקבה",
                "Moszkva",
                "מאסקװע",
                "Москова",
                "מאָסקװע",
                "Mosca",
                "Moskau",
                "Matxcova",
                "MOW",
                "Mát-xcơ-va",
                "Горад Масква",
                "மாஸ்கோ",
                "مسکو",
                "Moskova",
                "Moskowa",
                "Matxcơva",
                "Moscua",
                "모스크바",
                "Moscu",
                "Moscow",
                "Moscou",
                "Moscòu",
                "Moskuas",
                "Москъва",
                "Москох",
                "मास्को",
                "מאסקווע",
                "Moska",
                "ماسکو",
                "མ་ས་ཁ།",
                "Москва",
                "Mosko",
                "莫斯科",
                "Mosku",
                "Մոսկվա",
                "मॉसको",
                "Moskow",
                "मॉस्को",
                "Moskov",
                "Moskou",
                "موسكۋا",
                "མོ་སི་ཁོ།",
                "Маскав",
                "ሞስኮ",
                "Moskwa",
                "მოსკოვი",
                "ܡܘܣܩܒܐ",
                "Moskvo",
                "Μοσχα",
                "Mat-xco-va",
                "মস্কো",
                "मासको",
                "Mäskäw",
                "Mòskwa",
                "Мæскуы",
                "Moscovo",
                "모스크바",
                "Moscova",
                "மாஸகோ",
                "Moscù",
                "Moscó",
                "Moskva",
                "Moscú",
                "মসকো",
                "Moscoƿ",
                "Maskava",
                "Maskva",
                "Муско",
                "モスクワ",
                "Μόσχα",
                "Мускав",
                "Moscfa"
            ],
            "momentum": 0.11648673263271803,
            "longname": "Moscow,Russia",
            "type": "City",
            "containers": [
                "B_FA-",
                "B_Fb9",
                "I2ExIg"
            ],
            "external_links": {
                "wikipedia": {
                    "id": "Moscow"
                }
            }
        }
    },
    "instances": [
        {
            "cluster_ids": [
                "FLjcuPJ907K",
                "Bf338_8sALN",
                "Cn723imRRW8"
            ],
            "tagged_fragment": "<i id=GKD9DQAGjTn><e id=B_Mbq>Uzbekistan</e> joined <e id=B_G1L>Belarus</e> in refusing to sign an agreement</i> on the <e id=BBNr9C>Collective Rapid Reaction Forces</e>, an idea <e id=I2End3>Moscow</e> sees as an eventual counterweight to",
            "fragment": "Uzbekistan joined Belarus in refusing to sign an agreement on the Collective Rapid Reaction Forces, an idea Moscow sees as an eventual counterweight to NATO .",
            "stop": "2009-07-03T05:00:00.000Z",
            "item_fragment": "Uzbekistan joined Belarus in refusing to sign an agreement",
            "precision": "ms",
            "start": "2009-07-03T05:00:00.000Z",
            "attributes": {
                "function": "id",
                "partner2": "B_G1L",
                "hits": 0,
                "partner1": "B_Mbq",
                "general_positive": 0.0,
                "binning_id": "GKD9DQAGjTn",
                "positive": 0.0,
                "fragment_count": 1,
                "violence": 0.0,
                "negative": 0.0,
                "relationship_indicator": "agreement",
                "canonic_id": "BMrHw3HOOyx",
                "inherited_locations": [
                    "B_G1L",
                    "B_Mbq",
                    "I2End3"
                ],
                "general_negative": 0.0,
                "document_category": "Politics"
            },
            "document": {
                "sourceId": {
                    "description": "World news about Turkmenistan, including breaking news and archival articles published in The New York Times.",
                    "country": "Turkmenistan",
                    "topic": "JxSEs3",
                    "media_type": "JxSEs2",
                    "id": "JtIe5a",
                    "name": "NYT  Turkmenistan"
                },
                "language": "eng",
                "title": "Russia’s Neighbors Resist Wooing and Bullying",
                "url": "http://www.nytimes.com/2009/07/03/world/europe/03russia.html?partner=rssnyt&emc=rss",
                "downloaded": "2013-03-01T12:30:45.793Z",
                "published": "2009-07-03T05:00:00.000Z",
                "indexed": "2009-07-03T05:00:00.000Z",
                "id": "JtI9Il"
            },
            "type": "RFEVEPoliticalRelationship",
            "id": "GKD9DQAGjTn",
            "momentum": 0.0,
            "time_type": "in"
        },
        {
            "cluster_ids": [
                "Ha7Z1tpluOy",
                "DYwRt142R6h",
                "BJJi2fNTxfg"
            ],
            "tagged_fragment": "<e id=B_Mbq>Uzbekistan</e> joined <e id=B_G1L>Belarus</e> in refusing to sign an agreement on the <e id=BBNr9C>Collective Rapid Reaction Forces</e>, an idea <e id=I2End3>Moscow</e> sees as an eventual counterweight to <e id=Fq5EM>NATO</e>",
            "fragment": "Uzbekistan joined Belarus in refusing to sign an agreement on the Collective Rapid Reaction Forces, an idea Moscow sees as an eventual counterweight to NATO .",
            "stop": "2009-07-03T05:00:00.000Z",
            "item_fragment": "Uzbekistan joined Belarus in refusing to sign an agreement on the Collective Rapid Reaction Forces, an idea Moscow sees as an eventual counterweight to NATO .",
            "precision": "ms",
            "start": "2009-07-03T05:00:00.000Z",
            "attributes": {
                "function": "id",
                "binning_id": "GKD9DQAGjTo",
                "hits": 0,
                "general_positive": 0.0,
                "positive": 0.0,
                "fragment_count": 1,
                "violence": 0.0,
                "negative": 0.0,
                "entities": [
                    "B_G1L",
                    "Fq5EM",
                    "I2End3",
                    "B_Mbq"
                ],
                "canonic_id": "HtEsBv3MCWk",
                "inherited_locations": [
                    "B_G1L",
                    "B_Mbq",
                    "I2End3"
                ],
                "general_negative": 0.0,
                "document_category": "Politics"
            },
            "document": {
                "sourceId": {
                    "description": "World news about Turkmenistan, including breaking news and archival articles published in The New York Times.",
                    "country": "Turkmenistan",
                    "topic": "JxSEs3",
                    "media_type": "JxSEs2",
                    "id": "JtIe5a",
                    "name": "NYT  Turkmenistan"
                },
                "language": "eng",
                "title": "Russia’s Neighbors Resist Wooing and Bullying",
                "url": "http://www.nytimes.com/2009/07/03/world/europe/03russia.html?partner=rssnyt&emc=rss",
                "downloaded": "2013-03-01T12:30:45.793Z",
                "published": "2009-07-03T05:00:00.000Z",
                "indexed": "2009-07-03T05:00:00.000Z",
                "id": "JtI9Il"
            },
            "type": "CoOccurrence",
            "id": "GKD9DQAGjTo",
            "momentum": 0.0,
            "time_type": "in"
        },
        {
            "cluster_ids": [
                "vZBHheycpm",
                "ZgtHFOWnBB",
                "Bss_zgo_08E"
            ],
            "tagged_fragment": "<i id=GKD9DQAGjRd><e id=B_Mbq>Uzbekistan</e></i> joined <e id=B_G1L>Belarus</e> in refusing to sign an agreement on the <e id=BBNr9C>Collective Rapid Reaction Forces</e>, an idea <e id=I2End3>Moscow</e> sees as an eventual counterweight to",
            "fragment": "Uzbekistan joined Belarus in refusing to sign an agreement on the Collective Rapid Reaction Forces, an idea Moscow sees as an eventual counterweight to NATO .",
            "stop": "2009-07-03T05:00:00.000Z",
            "item_fragment": "Uzbekistan",
            "precision": "ms",
            "start": "2009-07-03T05:00:00.000Z",
            "attributes": {
                "function": "id",
                "binning_id": "GKD9DQAGjRd",
                "hits": 98575,
                "general_positive": 0.0,
                "positive": 0.0,
                "fragment_count": 1,
                "violence": 0.0,
                "negative": 0.0,
                "entity": "B_Mbq",
                "canonic_id": "Cg6NXMt2SVz",
                "general_negative": 0.0,
                "document_category": "Politics"
            },
            "document": {
                "sourceId": {
                    "description": "World news about Turkmenistan, including breaking news and archival articles published in The New York Times.",
                    "country": "Turkmenistan",
                    "topic": "JxSEs3",
                    "media_type": "JxSEs2",
                    "id": "JtIe5a",
                    "name": "NYT  Turkmenistan"
                },
                "language": "eng",
                "title": "Russia’s Neighbors Resist Wooing and Bullying",
                "url": "http://www.nytimes.com/2009/07/03/world/europe/03russia.html?partner=rssnyt&emc=rss",
                "downloaded": "2013-03-01T12:30:45.793Z",
                "published": "2009-07-03T05:00:00.000Z",
                "indexed": "2009-07-03T05:00:00.000Z",
                "id": "JtI9Il"
            },
            "type": "EntityOccurrence",
            "id": "GKD9DQAGjRd",
            "momentum": 0.031844068204000944,
            "time_type": "in"
        }
    ]
}