{
    "count": {
        "references": {
            "total": 11,
            "returned": 11
        }
    },
    "status": "SUCCESS",
    "entities": {
        "I2EoF-": {
            "hits": 26595,
            "name": "Dushanbe",
            "pos": {
                "latitude": 38.53575,
                "longitude": 68.779049999999998
            },
            "alias": [
                "Dyushambe",
                "두샨베",
                "DYU",
                "Düşənbə",
                "Dusjanbe",
                "Duschanbe",
                "دوشنبه",
                "Duŝanbeo",
                "Dusanbeo",
                "דושנבה",
                "Ντουσανμπε",
                "Dušanbė",
                "杜尚别",
                "Douchanbé",
                "Duszanbe",
                "Duşanbe",
                "Stalinabad",
                "ዱሻንቤ",
                "ドゥシャンベ",
                "Dušhanbe",
                "두샨베",
                "Dushambe",
                "Dušanbe",
                "Dusanbe",
                "Doesjanbe",
                "Jushambe",
                "トゥシャンヘ",
                "Douchanbe",
                "Ντουσάνμπε",
                "Djuschambe",
                "Dushanbe",
                "Душанбе",
                "Dusənbə"
            ],
            "momentum": 0.0022215624283851883,
            "longname": "Dushanbe,Tajikistan",
            "type": "City",
            "containers": [
                "B_Fa4",
                "I6ATeG",
                "B_Gta"
            ],
            "external_links": {
                "wikipedia": {
                    "id": "Dushanbe"
                }
            }
        },
        "B_Fa4": {
            "hits": 3294960,
            "name": "Asia",
            "pos": {
                "latitude": 29.84064,
                "longitude": 89.296880000000002
            },
            "alias": [
                "Aasia",
                "Àsia",
                "Azsia",
                "एशिया महादवीप",
                "Ασια",
                "an Áise",
                "Azja",
                "Ázsia",
                "Asya",
                "آسيا",
                "アジア",
                "Asie",
                "Ásia",
                "Asia",
                "Āzija",
                "एशिया महाद्वीप",
                "Azio",
                "Ασία",
                "Chau A",
                "アシア",
                "Азия",
                "Châu Á",
                "اسيا",
                "Azie",
                "Azië",
                "Asien",
                "เอเชย",
                "เอเชีย",
                "亚洲",
                "Asía",
                "Azija",
                "an Aise",
                "Азія",
                "אסיה"
            ],
            "external_links": {
                "wikipedia": {
                    "id": "Asia"
                }
            },
            "type": "Continent",
            "momentum": 0.22748442333265709
        },
        "I6ATeG": {
            "hits": 3,
            "name": "Dushanbe",
            "pos": {
                "latitude": 38.557699999999997,
                "longitude": 68.779740000000004
            },
            "momentum": 0.0,
            "longname": "Dushanbe,Tajikistan",
            "type": "ProvinceOrState",
            "containers": [
                "B_Fa4",
                "B_Gta"
            ]
        },
        "DvtP5": {
            "hits": 39274,
            "type": "Organization",
            "name": "RFE",
            "momentum": 0.0050449944998377022,
            "external_links": {
                "wikipedia": {
                    "id": "RFE"
                }
            }
        },
        "EXPKV": {
            "hits": 49,
            "type": "Organization",
            "name": "Dushanbe court",
            "momentum": 0.00068994523674152663
        },
        "B_Gta": {
            "hits": 1020742,
            "name": "Tajikistan",
            "pos": {
                "latitude": 39.0,
                "longitude": 71.0
            },
            "alias": [
                "TadIikistan",
                "Taxhikistan",
                "Tadzjikistan",
                "ທາຈກສະຖານ",
                "تاجىكىستان",
                "塔吉克斯坦",
                "Tazikistan",
                "Datschikischtaan",
                "ತಜಾಕಸಥಾನ",
                "Tadzsikisztan",
                "ཏ་ཇག་ཀིསི་ཏཱན",
                "An Taidsiceastain",
                "ତାଜକସଥାନ",
                "Tagikio",
                "TadĪikistan",
                "Tadžikistanas",
                "ทาจกสถาน",
                "El Tadjikistan",
                "ཏ་ཇག་ཀས་ཏན",
                "తజికిస్తాన్",
                "타지키스탄",
                "ທາຈິກິສະຖານ",
                "Таджикістан",
                "Tadzhikskaya Sovetskaya Sotsialisticheskaya Respublika",
                "Tadsjikistan",
                "Taxiquistan",
                "تاجیکستان",
                "타지크스탄",
                "Orílẹ́ède Takisitani",
                "Тажикстан",
                "Tádžikistán",
                "Tagikistan",
                "Tadzikistania",
                "তাজিকসথান",
                "An Táidsíceastáin",
                "Tadzikistan",
                "טאג'יקיסטן",
                "Tayikistan",
                "ታጃኪስታን",
                "Tadzikistas",
                "タジキスタン共和国",
                "તાજીકિસતાન",
                "តាដហ្ស៉ីគីស្តង់",
                "Tadźikistan",
                "ताजिकिसतान",
                "i-Tajikistan",
                "타지크스탄",
                "Τατζικισταν",
                "Таджыкістан",
                "Tacîkistan",
                "Jumhurii Tojikiston",
                "Tat-gi-ki-xtan",
                "Taxiquistan - Тоҷикистон",
                "Tadzhikistan",
                "Tažikistan",
                "Tayiksuyu",
                "Tazikisita",
                "Tadzikistanas",
                "ཐ་ཇ་ཁ་ས་ཏན",
                "ତାଜିକିସ୍ଥାନ୍",
                "Tadzikistana",
                "טג׳יקיסטאן",
                "타지키스탄",
                "Taxiquistán - Тоҷикистон",
                "طاجيكستان",
                "Tadžikistas",
                "તાજીકિસ્તાન",
                "Tadžikistāna",
                "Тоҷикистон",
                "Tádzsikisztán",
                "Tacikistän",
                "Tagikujo",
                "Tajikistani",
                "Taġikistan",
                "Tajicistan",
                "Tadžikistan",
                "Tajikisitani",
                "Tayikistán",
                "താജിക്കിസ്ഥാന്‍",
                "Tacikistan",
                "Tajikistan",
                "Tajiquistao",
                "Տաճիկստան",
                "Tasikitani",
                "ประเทศทาจกสถาน",
                "Republic of Tajikistan",
                "তাজিকস্থান",
                "Tajikistan nutome",
                "Tajikisitaani",
                "Tadzsikisztán",
                "Tadjíkistan",
                "ტაჯიკეთი",
                "టజకసతన",
                "ทาจิกิสถาน",
                "Taxhikistani",
                "Таџикистан",
                "Tadjikistan",
                "Tadzykistan",
                "టాజీకిస్తాన్",
                "ཐ་ཇི་ཁེ་སི་ཏན",
                "Tadj·iquistan",
                "Taxiquistán",
                "Taĝikio",
                "Tatgiquistan",
                "Tajiquistão",
                "טג'יקיסטן",
                "Tadzikija",
                "タシキスタン",
                "طاجكستان",
                "Tadyikistán",
                "តាដហសគសតង",
                "Tazikisitá",
                "Tadyikistan",
                "താജികകിസഥാന‍",
                "Tadschikistan",
                "Taĝikujo",
                "Taazikiistäan",
                "Tajikistaan",
                "タシキスタン共和国",
                "தாஜிகிஸதான",
                "တာဂျီကစ္စတန်",
                "Tajik Soviet Socialist Republic",
                "ประเทศทาจิกิสถาน",
                "Տաջիկիստան",
                "Orileede Takisitani",
                "Tát-gi-ki-xtan",
                "タジキスタン",
                "တာဂျကစစတန",
                "Tadzhik Soviet Socialist Republic",
                "Tadjiquistao",
                "ताजिकिस्तान",
                "Taazikiistaan",
                "Τατζικιστάν",
                "Pow Tajik",
                "Tadžikija",
                "تاجکستان",
                "தாஜிகிஸ்தான்",
                "Тәжікстан",
                "Tadżykistan",
                "Таджикистан",
                "తజకసతన",
                "تاجيكستان",
                "ತಜಾಕಿಸ್ಥಾನ್",
                "Tadjiquistão"
            ],
            "momentum": 0.0057351002941405686,
            "type": "Country",
            "containers": [
                "B_Fa4"
            ],
            "external_links": {
                "wikipedia": {
                    "id": "Tajikistan"
                }
            }
        },
        "CI6WL": {
            "hits": 343,
            "type": "Organization",
            "name": "Tajik Interior Ministry",
            "momentum": 0.0026626222039893423
        },
        "UTbPt": {
            "hits": 16125,
            "type": "Company",
            "name": "RL",
            "momentum": 0.00093975326677943859,
            "external_links": {
                "wikipedia": {
                    "id": "RL"
                }
            }
        },
        "I6Dsw0": {
            "hits": 123,
            "type": "Person",
            "name": "Deana Kjuka",
            "momentum": 5.1785324094496642e-05,
            "longname": "Deana Kjuka"
        }
    },
    "instances": [
        {
            "cluster_ids": [
                "F6aynXDeYoa"
            ],
            "document": {
                "sourceId": {
                    "description": "Updating news headlines from Turkmenistan",
                    "country": "Turkmenistan",
                    "topic": "JxSEs3",
                    "media_type": "JxSEs2",
                    "id": "JtIe6s",
                    "name": "Turkmenistan News.net"
                },
                "language": "eng",
                "title": "In Tajikistan The Worlds Tallest Flagpole...Without A Flag",
                "url": "http://www.turkmenistannews.net/index.php/sid/214059933/scat/c08dd24cec417021",
                "downloaded": "2013-04-24T18:11:46.088Z",
                "published": "2013-04-24T16:01:52.000Z",
                "indexed": "2013-04-24T18:11:46.978Z",
                "id": "Jzi6u-"
            },
            "tagged_fragment": "which made it into the <t>2011</t> Guinness Book of World...<i id=GROkJwAnE86><e id=DvtP5>RFE</e>/<e id=UTbPt>RL</e>'s <e id=I6Dsw0>Deana Kjuka</e> has more.</i>",
            "fragment": "RFE/RL's Deana Kjuka has more.",
            "time_fragment": "2011",
            "stop": "2011-12-31T23:59:59.000Z",
            "item_fragment": "RFE/RL's Deana Kjuka has more.",
            "precision": "year",
            "start": "2011-01-01T00:00:00.000Z",
            "attributes": {
                "function": "id",
                "binning_id": "GROkJwAnE86",
                "hits": 14725884,
                "general_positive": 0.0,
                "positive": 0.0,
                "fragment_count": 14,
                "violence": 0.0,
                "negative": 0.0,
                "entities": [
                    "DvtP5",
                    "UTbPt",
                    "I6Dsw0"
                ],
                "sentiments": {
                    "positive": 0.0,
                    "activism": 0.0,
                    "violence": 0.0,
                    "negative": 0.0,
                    "general_positive": 0.0,
                    "general_negative": 0.0
                },
                "canonic_id": "CHXMzf0Dw5R",
                "inherited_locations": [
                    "I2EoF-",
                    "B_Gta"
                ],
                "general_negative": 0.0,
                "document_category": "Human Interest"
            },
            "time_type": "in",
            "type": "Event",
            "id": "GROkJwAnE86",
            "momentum": 1.0,
            "time_fragment_context": "The flag perched atop Tajikistan's 165-meter flagpole, which made it into the 2011 Guinness Book of World Records as the world's tallest, has been torn apart by strong gusts of wind."
        },
        {
            "cluster_ids": [
                "CMNE4XA2dXG"
            ],
            "document": {
                "sourceId": {
                    "description": "Updating news headlines from Turkmenistan",
                    "country": "Turkmenistan",
                    "topic": "JxSEs3",
                    "media_type": "JxSEs2",
                    "id": "JtIe6s",
                    "name": "Turkmenistan News.net"
                },
                "language": "eng",
                "title": "In Tajikistan The Worlds Tallest Flagpole...Without A Flag",
                "url": "http://www.turkmenistannews.net/index.php/sid/214059933/scat/c08dd24cec417021",
                "downloaded": "2013-04-24T18:11:46.088Z",
                "published": "2013-04-24T16:01:52.000Z",
                "indexed": "2013-04-24T18:11:46.978Z",
                "id": "Jzi6u-"
            },
            "tagged_fragment": "which made it into the <t>2011</t> Guinness Book of World...350-kilogram Tajik flag measuring 60 meters by 30 meters, which once flew proudly atop the world's largest flagpole in <e id=B_Gta>Tajikistan</e>'s capital <e id=I2EoF->Dushanbe</e>, ",
            "fragment": "A 350-kilogram Tajik flag measuring 60 meters by 30 meters, which once flew proudly atop the world's largest flagpole in Tajikistan's capital Dushanbe, ...",
            "time_fragment": "2011",
            "stop": "2011-12-31T23:59:59.000Z",
            "item_fragment": "A 350-kilogram Tajik flag measuring 60 meters by 30 meters, which once flew proudly atop the world's largest flagpole in Tajikistan's capital Dushanbe, ...",
            "precision": "year",
            "start": "2011-01-01T00:00:00.000Z",
            "attributes": {
                "function": "id",
                "binning_id": "GROkJwAnE87",
                "hits": 14725884,
                "general_positive": 0.0,
                "positive": 0.0,
                "fragment_count": 13,
                "violence": 0.0,
                "negative": 0.0,
                "entities": [
                    "I2EoF-",
                    "B_Gta"
                ],
                "sentiments": {
                    "positive": 0.0,
                    "activism": 0.0,
                    "violence": 0.0,
                    "negative": 0.0,
                    "general_positive": 0.0,
                    "general_negative": 0.0
                },
                "canonic_id": "CHXMzf0Dw5R",
                "inherited_locations": [
                    "B_Gta",
                    "I2EoF-"
                ],
                "general_negative": 0.0,
                "document_category": "Human Interest"
            },
            "time_type": "in",
            "type": "Event",
            "id": "GROkJwAnE87",
            "momentum": 1.0,
            "time_fragment_context": "The flag perched atop Tajikistan's 165-meter flagpole, which made it into the 2011 Guinness Book of World Records as the world's tallest, has been torn apart by strong gusts of wind."
        },
        {
            "cluster_ids": [
                "B4H7xZ3Ffda",
                "HiLVSyW6eKB"
            ],
            "document": {
                "sourceId": {
                    "description": "Updating news headlines from Turkmenistan",
                    "country": "Turkmenistan",
                    "topic": "JxSEs3",
                    "media_type": "JxSEs2",
                    "id": "JtIe6s",
                    "name": "Turkmenistan News.net"
                },
                "language": "eng",
                "title": "Tajik Court Orders Interior Ministry To Pay Compensation For Suspects Death",
                "url": "http://www.turkmenistannews.net/index.php/sid/213240780/scat/c08dd24cec417021",
                "downloaded": "2013-03-15T11:33:28.459Z",
                "published": "2013-03-15T10:55:16.000Z",
                "indexed": "2013-03-15T10:55:16.000Z",
                "id": "JuuwW1"
            },
            "tagged_fragment": "was arrested on drug-related charges <t>in March 2011</t>....<e id=I2EoF->DUSHANBE</e> -- A <e id=EXPKV><e id=I2EoF->Dushanbe</e> court</e> has ordered the <e id=CI6WL>Tajik Interior Ministry</e> to pay compensation to the widow of a suspect who died after he was allegedly beaten by police",
            "fragment": "DUSHANBE -- A Dushanbe court has ordered the Tajik Interior Ministry to pay compensation to the widow of a suspect who died after he was allegedly beaten by police.",
            "time_fragment": "in March 2011",
            "stop": "2011-03-31T23:59:59.000Z",
            "item_fragment": "DUSHANBE -- A Dushanbe court has ordered the Tajik Interior Ministry to pay compensation to the widow of a suspect who died after he was allegedly beaten by police.",
            "precision": "month",
            "start": "2011-03-01T00:00:00.000Z",
            "attributes": {
                "function": "id",
                "binning_id": "GRBT6UAPdQf",
                "hits": 2,
                "general_positive": 0.0,
                "positive": 0.0,
                "fragment_count": 3,
                "violence": 0.0,
                "negative": 0.0,
                "entities": [
                    "CI6WL",
                    "EXPKV",
                    "I2EoF-"
                ],
                "sentiments": {
                    "positive": 0.0,
                    "activism": 0.0,
                    "violence": 0.0,
                    "negative": 0.0,
                    "general_positive": 0.0,
                    "general_negative": 0.29032258064516125
                },
                "canonic_id": "CWjWQgIeECn",
                "inherited_locations": [
                    "I2EoF-"
                ],
                "general_negative": 0.29032258064516125,
                "document_category": "Law_Crime"
            },
            "time_type": "in",
            "type": "CoOccurrence",
            "id": "GRBT6UAPdQf",
            "momentum": 0.0031229462034320673,
            "time_fragment_context": "Safarali Sangov, 37, died after he was arrested on drug-related charges in March 2011."
        },
        {
            "cluster_ids": [
                "CEyUthTSZMy",
                "DpNW9Un39P9"
            ],
            "document": {
                "sourceId": {
                    "description": "Updating news headlines from Turkmenistan",
                    "country": "Turkmenistan",
                    "topic": "JxSEs3",
                    "media_type": "JxSEs2",
                    "id": "JtIe6s",
                    "name": "Turkmenistan News.net"
                },
                "language": "eng",
                "title": "Tajik Court Orders Interior Ministry To Pay Compensation For Suspects Death",
                "url": "http://www.turkmenistannews.net/index.php/sid/213240780/scat/c08dd24cec417021",
                "downloaded": "2013-03-15T11:33:28.459Z",
                "published": "2013-03-15T10:55:16.000Z",
                "indexed": "2013-03-15T10:55:16.000Z",
                "id": "JuuwW1"
            },
            "tagged_fragment": "was arrested on drug-related charges <t>in March 2011</t>....<e id=I2EoF->DUSHANBE</e> -- A <e id=EXPKV><i id=GRBT6UAPdQW><e id=I2EoF->Dushanbe</e></i> court</e> has ordered the <e id=CI6WL>Tajik Interior Ministry</e> to pay compensation to the widow of a suspect who died after he was allegedly beaten",
            "fragment": "DUSHANBE -- A Dushanbe court has ordered the Tajik Interior Ministry to pay compensation to the widow of a suspect who died after he was allegedly beaten by police.",
            "time_fragment": "in March 2011",
            "stop": "2011-03-31T23:59:59.000Z",
            "item_fragment": "Dushanbe",
            "precision": "month",
            "start": "2011-03-01T00:00:00.000Z",
            "attributes": {
                "function": "id",
                "binning_id": "GRBT6UAPdQW",
                "hits": 14597,
                "general_positive": 0.0,
                "positive": 0.0,
                "fragment_count": 3,
                "violence": 0.0,
                "negative": 0.0,
                "entity": "I2EoF-",
                "sentiments": {
                    "positive": 0.0,
                    "activism": 0.0,
                    "violence": 0.0,
                    "negative": 0.0,
                    "general_positive": 0.0,
                    "general_negative": 0.29032258064516125
                },
                "canonic_id": "BJSQbW44oWA",
                "general_negative": 0.29032258064516125,
                "document_category": "Law_Crime"
            },
            "time_type": "in",
            "type": "EntityOccurrence",
            "id": "GRBT6UAPdQW",
            "momentum": 0.0087315906405854293,
            "time_fragment_context": "Safarali Sangov, 37, died after he was arrested on drug-related charges in March 2011."
        },
        {
            "cluster_ids": [
                "CEyUthTSZMy",
                "DpNW9Un39P9"
            ],
            "document": {
                "sourceId": {
                    "description": "Updating news headlines from Turkmenistan",
                    "country": "Turkmenistan",
                    "topic": "JxSEs3",
                    "media_type": "JxSEs2",
                    "id": "JtIe6s",
                    "name": "Turkmenistan News.net"
                },
                "language": "eng",
                "title": "Tajik Court Orders Interior Ministry To Pay Compensation For Suspects Death",
                "url": "http://www.turkmenistannews.net/index.php/sid/213240780/scat/c08dd24cec417021",
                "downloaded": "2013-03-15T11:33:28.459Z",
                "published": "2013-03-15T10:55:16.000Z",
                "indexed": "2013-03-15T10:55:16.000Z",
                "id": "JuuwW1"
            },
            "tagged_fragment": "was arrested on drug-related charges <t>in March 2011</t>....<i id=GRBT6UAPdQV><e id=I2EoF->DUSHANBE</e></i> -- A <e id=EXPKV><e id=I2EoF->Dushanbe</e> court</e> has ordered the <e id=CI6WL>Tajik Interior Ministry</e> to pay compensation to the widow of a suspect who died after he was allegedly beaten",
            "fragment": "DUSHANBE -- A Dushanbe court has ordered the Tajik Interior Ministry to pay compensation to the widow of a suspect who died after he was allegedly beaten by police.",
            "time_fragment": "in March 2011",
            "stop": "2011-03-31T23:59:59.000Z",
            "item_fragment": "DUSHANBE",
            "precision": "month",
            "start": "2011-03-01T00:00:00.000Z",
            "attributes": {
                "function": "id",
                "binning_id": "GRBT6UAPdQV",
                "hits": 14597,
                "general_positive": 0.0,
                "positive": 0.0,
                "fragment_count": 3,
                "violence": 0.0,
                "negative": 0.0,
                "entity": "I2EoF-",
                "sentiments": {
                    "positive": 0.0,
                    "activism": 0.0,
                    "violence": 0.0,
                    "negative": 0.0,
                    "general_positive": 0.0,
                    "general_negative": 0.29032258064516125
                },
                "canonic_id": "BJSQbW44oWA",
                "general_negative": 0.29032258064516125,
                "document_category": "Law_Crime"
            },
            "time_type": "in",
            "type": "EntityOccurrence",
            "id": "GRBT6UAPdQV",
            "momentum": 0.0087315906405854293,
            "time_fragment_context": "Safarali Sangov, 37, died after he was arrested on drug-related charges in March 2011."
        },
        {
            "cluster_ids": [],
            "document": {
                "sourceId": {
                    "description": "Updating news headlines from Turkmenistan",
                    "country": "Turkmenistan",
                    "topic": "JxSEs3",
                    "media_type": "JxSEs2",
                    "id": "JtIe6s",
                    "name": "Turkmenistan News.net"
                },
                "language": "eng",
                "title": "In Tajikistan The Worlds Tallest Flagpole...Without A Flag",
                "url": "http://www.turkmenistannews.net/index.php/sid/214059933/scat/c08dd24cec417021",
                "downloaded": "2013-04-24T18:11:46.088Z",
                "published": "2013-04-24T16:01:52.000Z",
                "indexed": "2013-04-24T18:11:46.647Z",
                "id": "Jzi6u-"
            },
            "tagged_fragment": "The flag perched atop <i id=GROkJwAnE8z><e id=B_Gta>Tajikistan</e></i>'s 165-meter flagpole, which made it into the <t>2011</t> Guinness Book of World Records as the world's tallest, has been torn",
            "fragment": "The flag perched atop Tajikistan's 165-meter flagpole, which made it into the 2011 Guinness Book of World Records as the world's tallest, has been torn apart by strong gusts of wind.",
            "time_fragment": "2011",
            "stop": "2011-12-31T23:59:59.000Z",
            "item_fragment": "Tajikistan",
            "precision": "year",
            "start": "2011-01-01T00:00:00.000Z",
            "attributes": {
                "function": "id",
                "binning_id": "GROkJwAnE8z",
                "hits": 998944,
                "general_positive": 0.0,
                "positive": 0.23684210526315788,
                "fragment_count": 13,
                "violence": 0.0,
                "negative": 0.0,
                "entity": "B_Gta",
                "sentiments": {
                    "positive": 0.23684210526315788,
                    "activism": 0.0,
                    "violence": 0.0,
                    "negative": 0.0,
                    "general_positive": 0.0,
                    "general_negative": 0.23684210526315788
                },
                "canonic_id": "CL6Qm07hvs6",
                "general_negative": 0.23684210526315788,
                "document_category": "Human Interest"
            },
            "time_type": "in",
            "type": "EntityOccurrence",
            "id": "GROkJwAnE8z",
            "momentum": 0.0079593629834504402,
            "time_fragment_context": "The flag perched atop Tajikistan's 165-meter flagpole, which made it into the 2011 Guinness Book of World Records as the world's tallest, has been torn apart by strong gusts of wind."
        },
        {
            "cluster_ids": [],
            "document": {
                "sourceId": {
                    "description": "Updating news headlines from Turkmenistan",
                    "country": "Turkmenistan",
                    "topic": "JxSEs3",
                    "media_type": "JxSEs2",
                    "id": "JtIe6s",
                    "name": "Turkmenistan News.net"
                },
                "language": "eng",
                "title": "In Tajikistan The Worlds Tallest Flagpole...Without A Flag",
                "url": "http://www.turkmenistannews.net/index.php/sid/214059933/scat/c08dd24cec417021",
                "downloaded": "2013-04-24T18:11:46.088Z",
                "published": "2013-04-24T16:01:52.000Z",
                "indexed": "2013-04-24T18:11:46.647Z",
                "id": "Jzi6u-"
            },
            "tagged_fragment": "which made it into the <t>2011</t> Guinness Book of World...350-kilogram Tajik flag measuring 60 meters by 30 meters, which once flew proudly atop the world's largest flagpole in <i id=GROkJwAnE83><e id=B_Gta>Tajikistan</e></i>'s capital <e id=I2EoF->Dushanbe</e>, ...",
            "fragment": "A 350-kilogram Tajik flag measuring 60 meters by 30 meters, which once flew proudly atop the world's largest flagpole in Tajikistan's capital Dushanbe, ...",
            "time_fragment": "2011",
            "stop": "2011-12-31T23:59:59.000Z",
            "item_fragment": "Tajikistan",
            "precision": "year",
            "start": "2011-01-01T00:00:00.000Z",
            "attributes": {
                "function": "id",
                "binning_id": "GROkJwAnE83",
                "hits": 998944,
                "general_positive": 0.0,
                "positive": 0.0,
                "fragment_count": 13,
                "violence": 0.0,
                "negative": 0.0,
                "entity": "B_Gta",
                "sentiments": {
                    "positive": 0.0,
                    "activism": 0.0,
                    "violence": 0.0,
                    "negative": 0.0,
                    "general_positive": 0.0,
                    "general_negative": 0.0
                },
                "canonic_id": "CL6Qm07hvs6",
                "general_negative": 0.0,
                "document_category": "Human Interest"
            },
            "time_type": "in",
            "type": "EntityOccurrence",
            "id": "GROkJwAnE83",
            "momentum": 0.0079593629834504402,
            "time_fragment_context": "The flag perched atop Tajikistan's 165-meter flagpole, which made it into the 2011 Guinness Book of World Records as the world's tallest, has been torn apart by strong gusts of wind."
        },
        {
            "cluster_ids": [],
            "document": {
                "sourceId": {
                    "description": "Updating news headlines from Turkmenistan",
                    "country": "Turkmenistan",
                    "topic": "JxSEs3",
                    "media_type": "JxSEs2",
                    "id": "JtIe6s",
                    "name": "Turkmenistan News.net"
                },
                "language": "eng",
                "title": "In Tajikistan The Worlds Tallest Flagpole...Without A Flag",
                "url": "http://www.turkmenistannews.net/index.php/sid/214059933/scat/c08dd24cec417021",
                "downloaded": "2013-04-24T18:11:46.088Z",
                "published": "2013-04-24T16:01:52.000Z",
                "indexed": "2013-04-24T18:11:46.647Z",
                "id": "Jzi6u-"
            },
            "tagged_fragment": "which made it into the <t>2011</t> Guinness Book of World...<i id=GROkJwAnE80><e id=DvtP5>RFE</e></i>/<e id=UTbPt>RL</e>'s <e id=I6Dsw0>Deana Kjuka</e> has more.",
            "fragment": "RFE/RL's Deana Kjuka has more.",
            "time_fragment": "2011",
            "stop": "2011-12-31T23:59:59.000Z",
            "item_fragment": "RFE",
            "precision": "year",
            "start": "2011-01-01T00:00:00.000Z",
            "attributes": {
                "function": "id",
                "binning_id": "GROkJwAnE80",
                "hits": 25273,
                "general_positive": 0.0,
                "positive": 0.0,
                "fragment_count": 14,
                "violence": 0.0,
                "negative": 0.0,
                "entity": "DvtP5",
                "sentiments": {
                    "positive": 0.0,
                    "activism": 0.0,
                    "violence": 0.0,
                    "negative": 0.0,
                    "general_positive": 0.0,
                    "general_negative": 0.0
                },
                "canonic_id": "IwXqfCL-U2",
                "inherited_locations": [
                    "I2EoF-",
                    "B_Gta"
                ],
                "general_negative": 0.0,
                "document_category": "Human Interest"
            },
            "time_type": "in",
            "type": "EntityOccurrence",
            "id": "GROkJwAnE80",
            "momentum": 0.0075682972534679331,
            "time_fragment_context": "The flag perched atop Tajikistan's 165-meter flagpole, which made it into the 2011 Guinness Book of World Records as the world's tallest, has been torn apart by strong gusts of wind."
        },
        {
            "cluster_ids": [],
            "document": {
                "sourceId": {
                    "description": "Updating news headlines from Turkmenistan",
                    "country": "Turkmenistan",
                    "topic": "JxSEs3",
                    "media_type": "JxSEs2",
                    "id": "JtIe6s",
                    "name": "Turkmenistan News.net"
                },
                "language": "eng",
                "title": "In Tajikistan The Worlds Tallest Flagpole...Without A Flag",
                "url": "http://www.turkmenistannews.net/index.php/sid/214059933/scat/c08dd24cec417021",
                "downloaded": "2013-04-24T18:11:46.088Z",
                "published": "2013-04-24T16:01:52.000Z",
                "indexed": "2013-04-24T18:11:46.648Z",
                "id": "Jzi6u-"
            },
            "tagged_fragment": "which made it into the <t>2011</t> Guinness Book of World...350-kilogram Tajik flag measuring 60 meters by 30 meters, which once flew proudly atop the world's largest flagpole in <e id=B_Gta>Tajikistan</e>'s capital <i id=GROkJwAnE84><e id=I2EoF->Dushanbe</e></i>, ...",
            "fragment": "A 350-kilogram Tajik flag measuring 60 meters by 30 meters, which once flew proudly atop the world's largest flagpole in Tajikistan's capital Dushanbe, ...",
            "time_fragment": "2011",
            "stop": "2011-12-31T23:59:59.000Z",
            "item_fragment": "Dushanbe",
            "precision": "year",
            "start": "2011-01-01T00:00:00.000Z",
            "attributes": {
                "function": "id",
                "binning_id": "GROkJwAnE84",
                "hits": 19460,
                "general_positive": 0.0,
                "positive": 0.0,
                "fragment_count": 13,
                "violence": 0.0,
                "negative": 0.0,
                "entity": "I2EoF-",
                "sentiments": {
                    "positive": 0.0,
                    "activism": 0.0,
                    "violence": 0.0,
                    "negative": 0.0,
                    "general_positive": 0.0,
                    "general_negative": 0.0
                },
                "canonic_id": "BJSQbW44oWA",
                "general_negative": 0.0,
                "document_category": "Human Interest"
            },
            "time_type": "in",
            "type": "EntityOccurrence",
            "id": "GROkJwAnE84",
            "momentum": 0.0051057391525795668,
            "time_fragment_context": "The flag perched atop Tajikistan's 165-meter flagpole, which made it into the 2011 Guinness Book of World Records as the world's tallest, has been torn apart by strong gusts of wind."
        },
        {
            "cluster_ids": [],
            "document": {
                "sourceId": {
                    "description": "Updating news headlines from Turkmenistan",
                    "country": "Turkmenistan",
                    "topic": "JxSEs3",
                    "media_type": "JxSEs2",
                    "id": "JtIe6s",
                    "name": "Turkmenistan News.net"
                },
                "language": "eng",
                "title": "In Tajikistan The Worlds Tallest Flagpole...Without A Flag",
                "url": "http://www.turkmenistannews.net/index.php/sid/214059933/scat/c08dd24cec417021",
                "downloaded": "2013-04-24T18:11:46.088Z",
                "published": "2013-04-24T16:01:52.000Z",
                "indexed": "2013-04-24T18:11:46.648Z",
                "id": "Jzi6u-"
            },
            "tagged_fragment": "which made it into the <t>2011</t> Guinness Book of World...<e id=DvtP5>RFE</e>/<e id=UTbPt>RL</e>'s <i id=GROkJwAnE82><e id=I6Dsw0>Deana Kjuka</e></i> has more.",
            "fragment": "RFE/RL's Deana Kjuka has more.",
            "time_fragment": "2011",
            "stop": "2011-12-31T23:59:59.000Z",
            "item_fragment": "Deana Kjuka",
            "precision": "year",
            "start": "2011-01-01T00:00:00.000Z",
            "attributes": {
                "function": "id",
                "binning_id": "GROkJwAnE82",
                "hits": 42,
                "general_positive": 0.0,
                "positive": 0.0,
                "fragment_count": 14,
                "violence": 0.0,
                "negative": 0.0,
                "entity": "I6Dsw0",
                "sentiments": {
                    "positive": 0.0,
                    "activism": 0.0,
                    "violence": 0.0,
                    "negative": 0.0,
                    "general_positive": 0.0,
                    "general_negative": 0.0
                },
                "canonic_id": "95hDQI_LlM",
                "inherited_locations": [
                    "I2EoF-",
                    "B_Gta"
                ],
                "general_negative": 0.0,
                "document_category": "Human Interest"
            },
            "time_type": "in",
            "type": "EntityOccurrence",
            "id": "GROkJwAnE82",
            "momentum": 0.0024006678812935282,
            "time_fragment_context": "The flag perched atop Tajikistan's 165-meter flagpole, which made it into the 2011 Guinness Book of World Records as the world's tallest, has been torn apart by strong gusts of wind."
        },
        {
            "cluster_ids": [],
            "document": {
                "sourceId": {
                    "description": "Updating news headlines from Turkmenistan",
                    "country": "Turkmenistan",
                    "topic": "JxSEs3",
                    "media_type": "JxSEs2",
                    "id": "JtIe6s",
                    "name": "Turkmenistan News.net"
                },
                "language": "eng",
                "title": "In Tajikistan The Worlds Tallest Flagpole...Without A Flag",
                "url": "http://www.turkmenistannews.net/index.php/sid/214059933/scat/c08dd24cec417021",
                "downloaded": "2013-04-24T18:11:46.088Z",
                "published": "2013-04-24T16:01:52.000Z",
                "indexed": "2013-04-24T18:11:46.648Z",
                "id": "Jzi6u-"
            },
            "tagged_fragment": "which made it into the <t>2011</t> Guinness Book of World...<e id=DvtP5>RFE</e>/<i id=GROkJwAnE81><e id=UTbPt>RL</e></i>'s <e id=I6Dsw0>Deana Kjuka</e> has more.",
            "fragment": "RFE/RL's Deana Kjuka has more.",
            "time_fragment": "2011",
            "stop": "2011-12-31T23:59:59.000Z",
            "item_fragment": "RL",
            "precision": "year",
            "start": "2011-01-01T00:00:00.000Z",
            "attributes": {
                "function": "id",
                "binning_id": "GROkJwAnE81",
                "hits": 8021,
                "general_positive": 0.0,
                "positive": 0.0,
                "fragment_count": 14,
                "violence": 0.0,
                "negative": 0.0,
                "entity": "UTbPt",
                "sentiments": {
                    "positive": 0.0,
                    "activism": 0.0,
                    "violence": 0.0,
                    "negative": 0.0,
                    "general_positive": 0.0,
                    "general_negative": 0.0
                },
                "canonic_id": "VgwYQ38dqz",
                "inherited_locations": [
                    "I2EoF-",
                    "B_Gta"
                ],
                "general_negative": 0.0,
                "document_category": "Human Interest"
            },
            "time_type": "in",
            "type": "EntityOccurrence",
            "id": "GROkJwAnE81",
            "momentum": 0.0013912135180157359,
            "time_fragment_context": "The flag perched atop Tajikistan's 165-meter flagpole, which made it into the 2011 Guinness Book of World Records as the world's tallest, has been torn apart by strong gusts of wind."
        }
    ]
}