{
    "count": {
        "references": {
            "total": 2,
            "returned": 2
        }
    },
    "status": "SUCCESS",
    "entities": {
        "B_Fa4": {
            "hits": 3294946,
            "name": "Asia",
            "pos": {
                "latitude": 29.84064,
                "longitude": 89.296880000000002
            },
            "alias": [
                "Aasia",
                "Àsia",
                "Azsia",
                "एशिया महादवीप",
                "Ασια",
                "an Áise",
                "Azja",
                "Ázsia",
                "Asya",
                "آسيا",
                "アジア",
                "Asie",
                "Ásia",
                "Asia",
                "Āzija",
                "एशिया महाद्वीप",
                "Azio",
                "Ασία",
                "Chau A",
                "アシア",
                "Азия",
                "Châu Á",
                "اسيا",
                "Azie",
                "Azië",
                "Asien",
                "เอเชย",
                "เอเชีย",
                "亚洲",
                "Asía",
                "Azija",
                "an Aise",
                "Азія",
                "אסיה"
            ],
            "external_links": {
                "wikipedia": {
                    "id": "Asia"
                }
            },
            "type": "Continent",
            "momentum": 0.23063870841411829
        },
        "B_Mbq": {
            "hits": 208692,
            "name": "Uzbekistan",
            "pos": {
                "latitude": 41.707540000000002,
                "longitude": 63.849110000000003
            },
            "alias": [
                "Usbekistan",
                "Узбекістан",
                "Uzbek Soviet Socialist Republic",
                "Üzbegisztán",
                "Usbequistán",
                "Uzubekistan",
                "Uzbequistao",
                "Uzbɛkistan",
                "Usbekistaan",
                "Uzbequistan",
                "អហសបេគសតង",
                "ཨཛ་བ་ཀས་ཏན",
                "Uzbekistaan",
                "اوزبكستان",
                "Úisbéiceastáin",
                "Uusbakistaan",
                "Wsbecistan",
                "อุซเบกิสถาน",
                "Oezbekistan",
                "উজ্বেকিস্থান",
                "Oesbekistan",
                "उझबकिसतान",
                "Uzbekistan",
                "উজবেকিস্তান",
                "ອດເບກສະຖານ",
                "U-do-be-ki-xtan",
                "Ûzbêkistan",
                "উজবেকিসথান",
                "ウズベキスタン共和国",
                "אוזבעקיסטאן",
                "Orileede Nsibekisitani",
                "Uzibɛkisita",
                "ʻUsipekiteni",
                "Ўзбекистон",
                "ประเทศอซเบกสถาน",
                "ازبکستان",
                "ઉઝબકિસતાન",
                "ཨུཛ་བེ་ཀིསི་ཏཱན",
                "ઉઝ્બેકિસ્તાન",
                "អ៊ូហ្សបេគីស្តង់",
                "Uzbekio",
                "Pow Ousbek",
                "Uzebekisitani",
                "ཨཛ་བ་ཀསན།",
                "Узбэкістан",
                "Ouzbékistan",
                "Uzibekistani",
                "Wuzibekisitaani",
                "Uzbekistäan",
                "Użbekistan",
                "उजबकिसतान",
                "אוזבקיסטאן",
                "उजबकिसथान",
                "أوزبكستان",
                "उजबेकिस्तान",
                "ウスヘキスタン共和国",
                "우즈베키스탄",
                "Ӳспекстан",
                "Uzbekija",
                "Uzbekskaya Sovetskaya Sotsialisticheskaya Respublika",
                "Узбакистон",
                "Uisbeiceastain",
                "Uzbequistão",
                "ອຸດເບກິສະຖານ",
                "乌兹别克斯坦",
                "ಉಜಬೕಕಸಥಾನ",
                "Ozbəkistan",
                "Uzbegisztan",
                "उझबेकिस्तान",
                "Узбекистан",
                "ఉజ్బెకిస్తాన్",
                "ประเทศอุซเบกิสถาน",
                "ଉଜବେକିସ୍ଥାନ୍",
                "Uzbekistan nutome",
                "உஸபெகிஸதான",
                "ウスヘキスタン",
                "ଉଜବେକସଥାନ",
                "ಉಜ್ಬೇಕಿಸ್ಥಾನ್",
                "Успекстан",
                "उज़्बेकिस्तान",
                "Ouzbekistan",
                "Ουζμπεκιστάν",
                "אוזבקיסטן",
                "Ուզբեկիստան",
                "ഉസബെകകിസഥാന‍",
                "ఉజబకసతన",
                "Úsbekistan",
                "ʻUsipekitēni",
                "Uzbekiston Respublikasi",
                "อซเบกสถาน",
                "Ուզբեկստան",
                "උස්බෙකිස්ථානය",
                "Orílẹ́ède Nṣibẹkisitani",
                "Үзбәкстан",
                "U-dơ-bê-ki-xtan",
                "Uzbequistán",
                "Uzbekistán",
                "ウズベキスタン",
                "Lusbekän",
                "Uzbekistani",
                "ئۆزبېكىستان",
                "i-Uzbekistan",
                "يوزبەکستان",
                "Usbequistan",
                "উজবেকিসতান",
                "Lusbekan",
                "Uzbekistana",
                "Ozbèquistan",
                "ازبكستان",
                "Ӯзбакистон",
                "ဥဘက်ကစ္စတန်",
                "ዩዝበኪስታን",
                "يۆزبېكىستان",
                "Uzibɛkisitá",
                "Uzbekujo",
                "उज्बेकिस्तान",
                "L’Uzbekistan",
                "Oʻzbekiston",
                "Uzibekisita",
                "اوزبکستان",
                "Ŭzbekiston Respublikasi",
                "Uzbekistāna",
                "Ozbekistan",
                "උසබෙකසථානය",
                "Өзбекстан",
                "உஸ்பெகிஸ்தான்",
                "Ozbequistan",
                "Özbekistan",
                "Uzubekisitani",
                "Uzbecia",
                "O’zbekiston",
                "Ουζμπεκισταν",
                "Узбекистон",
                "უზბეკეთი",
                "Republic of Uzbekistan",
                "უზბაკეთი",
                "Uzbekistanas",
                "우즈베키스탄",
                "ഉസ്ബെക്കിസ്ഥാന്‍",
                "ဥဘကကစစတန",
                "ཨུཛ་བེ་ཀིསྟཱན།",
                "Özbəkistan",
                "ئوزبەکستان",
                "उजबेकिस्थान"
            ],
            "momentum": 0.0017506792716519067,
            "type": "Country",
            "containers": [
                "B_Fa4"
            ],
            "external_links": {
                "wikipedia": {
                    "id": "Uzbekistan"
                }
            }
        },
        "B_Fgr": {
            "hits": 4056983,
            "name": "Afghanistan",
            "pos": {
                "latitude": 33.0,
                "longitude": 66.0
            },
            "alias": [
                "Da Afghanestan Shahi Dowlat",
                "Republic of Afghanistan",
                "جمهورئ اسلامئ افغانستان",
                "Â-fu-hon",
                "Afghanistan",
                "សាធារណរដឋឥសលាមអាហវហកានសថាន",
                "ཨ་ཧྥུའུ་རྒན་སི་ཐན།",
                "Afghanístàn",
                "ஆப்கானித்தான்",
                "Afgania",
                "د افغانستان اسلامی جمهوریت",
                "अफगानिस्तान",
                "Dowlat-e Pādshāhī-ye Afghānestān",
                "અફઘાનિસ્તાન",
                "Dowlat-e Padshahi-ye Afghanestan",
                "Dowlat-e Eslami-ye Afghanestan",
                "Աֆղանստան",
                "ʻAfikanisitani",
                "អាហ្វហ្គានីស្ថាន",
                "A-fu-hon",
                "Afganio",
                "អាហវហគានសថាន",
                "ཨཕ་ག་ནས་ཏན་",
                "अफगाणिसतान",
                "Afganistán - افغانستان",
                "ఆఫఘనసతన",
                "Apganistan",
                "अफगानिषतान",
                "אפגניסטן",
                "Αφγανισταν",
                "Afgaanistaan",
                "Afuganistani",
                "ประเทศอฟกานสถาน",
                "ਅਫਗਾਨੀਸਤਾਨ",
                "Afğanistan",
                "جمهوري اسلامي افغانستان",
                "Doulat i Jumhouri ye Afghanistan",
                "အာဖဂနနစစတန",
                "ཨཕ་ག་ནས་ཏན",
                "De Afghanistan Islami Jumhuriyat",
                "ཨཕ་ག་ནིསི་ཏཱན་",
                "Republica de l'Afganistan",
                "אפגאניסטאן",
                "Affganistan",
                "Afeganistao",
                "Jomhūrī-ye Demowkrātīk-e Afghānestān",
                "ඇෆගනසථානය",
                "دولت اسلامي افغانستان",
                "Afiganistaŋ",
                "އފޣނސތނ",
                "Afghānestān",
                "아프가니스탄",
                "Afgańistan",
                "Afghánistán",
                "Afganistón",
                "อฟกานสถาน",
                "Áp-ga-ni-xtan",
                "Афғонистан",
                "അഫ്ഗാനിസ്ഥാന്‍",
                "אפגניסטאן",
                "ஆபகானிததான",
                "República de l'Afganistan",
                "ʻAfikānisitani",
                "Afaganisitani",
                "Afganistán",
                "ئافغانىستان",
                "ავღანეთი",
                "Jamhūrī-ye Islāmī-ye Afghānistān",
                "دولتٔ اسلامئ افغانستان",
                "Afganujo",
                "अफगाणिस्तान",
                "ཨཕ་ག་ནིསི་ཏཱན",
                "Afqaanistan",
                "Afuganisitani",
                "Yn Afghanistaan",
                "ஆப்கானிஸ்தான்",
                "Lafganistan",
                "Afiganisita",
                "i-Afghanistan",
                "Сарта Апганмудин Орн",
                "Əfqənistan",
                "يافغانىستان",
                "Afganistàn",
                "Jomhuri-ye Demowkratik-e Afghanestan",
                "أفغانستان",
                "Afeganistaun",
                "अफ़्गानिस्तान",
                "ఆఫ్ఘానిస్తాన్",
                "Afuganisita",
                "ประเทศอัฟกานิสถาน",
                "Dê Afghānistān Islāmī Jumhūriyat",
                "Orileede Afuganistani",
                "Jomhūrī-ye Eslāmī-ye Afghānestān",
                "An Afganastain",
                "ಅಫ್ಘಾನಿಸ್ತಾನ",
                "Afganistan",
                "Афгъанистан",
                "សាធារណរដ្ឋឥស្លាមអាហ្វហ្កានីស្ថាន",
                "അഫഗാനിസഥാന‍",
                "ఆఫ్ఘనిస్తాన్",
                "ඇෆ්ගනිස්ථානය",
                "Kingdom of Afghanistan",
                "Афґаністан",
                "阿富汗",
                "Afgansuyu",
                "আফগানিস্তান",
                "Афганистан",
                "Afganistaan",
                "अफ़गानिस्तान",
                "Afiganisitá",
                "افغانستان",
                "Jomhūrī-ye Afghānestān",
                "አፍጋኒስታን",
                "Әфганстан",
                "ອຟການດສະຖານ",
                "Afgànistan",
                "Афганістан",
                "ئەفغانستان",
                "Efganıstan",
                "Афғонистон",
                "ཨཕ་ག་ནི་སྟཱན།",
                "อัฟกานิสถาน",
                "Jomhuri-ye Afghanestan",
                "Afganistáni",
                "Avganistan",
                "アフカニスタン",
                "アフガニスタン・イスラム国",
                "Efğanıstan",
                "افغانيستان",
                "അഫഗാനിസതാൻ",
                "Afganistanas",
                "Afganistána",
                "အာဖဂန်နစ္စတန်",
                "アフガニスタン",
                "ଆଫାଗାନସତାନ",
                "അഫ്ഗാനിസ്താൻ",
                "ಅಫಘಾನಿಸ್ಥಾನ್",
                "Afganiston",
                "afyganisTAN",
                "ଆଫାଗାନିସ୍ତାନ୍",
                "Dowlat-e Eslāmī-ye Afghānestān",
                "Afaganistan",
                "يەفغانستان",
                "Afghanistan nutome",
                "Afganastan",
                "আফগানিসতান",
                "ಅಫಘಾನಸತಾನ",
                "अफगानिसतान",
                "Afxanistan",
                "I-Afugani",
                "Афганистаан",
                "‘Apekanikana",
                "अफगानसथान",
                "Afganistan - افغانستان",
                "Afganischtaan",
                "Faganita, Afganistaan",
                "ஆபகானிஸதான",
                "アフカニスタン・イスラム国",
                "Afganistāna",
                "Islamic Republic of Afghanistan",
                "Jomhuri-ye Eslami-ye Afghanestan",
                "Afeganistão",
                "Da Afghānestān Shāhī Dowlat",
                "Авганистан",
                "Afganistana",
                "અફઘાનિસતાન",
                "Faganïta, Afganïstäan",
                "Afganisztán",
                "Orílẹ́ède Àfùgànístánì",
                "ཨ་ཧའ་རན་ས་ཐན།",
                "Owganystan",
                "Jamhuri-ye Islami-ye Afghanistan",
                "Ap-ga-ni-xtan",
                "ཨཕ་ག་ན་སན།",
                "Islamic State of Afghanistan",
                "Αφγανιστάν",
                "아프가니스탄",
                "АфгIанистан",
                "Afganistani",
                "Democratic Republic of Afghanistan",
                "Ауғанстан",
                "𐌰𐍆𐌲𐌰𐌽𐌹𐍃𐍄𐌰𐌽",
                "Afgʻoniston",
                "अफगानस्थान",
                "ಅಫಘಾನಸಥಾನ",
                "Afganisztan",
                "An Afganastáin",
                "Afghanestan",
                "Afghanistaan",
                "अफ्गानिष्तान",
                "އަފްޣާނިސްތާން",
                "Lafganistän",
                "ອັຟການິດສະຖານ",
                "Əfqanıstan"
            ],
            "momentum": 0.078122745583989003,
            "longname": "Afganistan",
            "type": "Country",
            "containers": [
                "B_Fa4"
            ],
            "external_links": {
                "wikipedia": {
                    "id": "Afghanistan"
                }
            }
        }
    },
    "instances": [
        {
            "cluster_ids": [
                "Dz-SUt2mHry",
                "FYJ-kMf1sBF"
            ],
            "document": {
                "sourceId": {
                    "description": "Comprehensive Real-Time News Feed for Turkmenistan.",
                    "country": "Turkmenistan",
                    "topic": "JxSEs3",
                    "media_type": "JxSEs2",
                    "id": "JtIfnI",
                    "name": "Turkmenistan Newswire"
                },
                "language": "eng",
                "title": "Afghanistan, 2 ex-Soviet nations to build railway",
                "url": "http://www.newstimes.com/news/article/Afghanistan-2-ex-Soviet-nations-to-build-railway-4370698.php",
                "downloaded": "2013-03-21T00:15:05.394Z",
                "published": "2013-03-21T00:03:22.000Z",
                "indexed": "2013-03-21T00:03:22.000Z",
                "id": "JvZBeC"
            },
            "tagged_fragment": "<i id=GRDI7KAAOAi>A 75-kilometer (47-mile) line from <e id=B_Fgr>Afghanistan</e> into <e id=B_Mbq>Uzbekistan</e> began operating <t>in December 2011</t>.</i>",
            "fragment": "A 75-kilometer (47-mile) line from Afghanistan into Uzbekistan began operating in December 2011.",
            "time_fragment": "in December 2011",
            "stop": "2011-12-31T23:59:59.000Z",
            "item_fragment": "A 75-kilometer (47-mile) line from Afghanistan into Uzbekistan began operating in December 2011.",
            "precision": "month",
            "start": "2011-12-01T00:00:00.000Z",
            "attributes": {
                "function": "id",
                "binning_id": "GRDI7KAAOAi",
                "hits": 53,
                "general_positive": 0.0,
                "positive": 0.0,
                "fragment_count": 9,
                "violence": 0.0,
                "negative": 0.0,
                "entities": [
                    "B_Mbq",
                    "B_Fgr"
                ],
                "sentiments": {
                    "positive": 0.0,
                    "activism": 0.0,
                    "violence": 0.0,
                    "negative": 0.0,
                    "general_positive": 0.0,
                    "general_negative": 0.0
                },
                "canonic_id": "D-TvCOZ0J0F",
                "inherited_locations": [
                    "B_Mbq",
                    "B_Fgr"
                ],
                "general_negative": 0.0
            },
            "time_type": "in",
            "type": "CoOccurrence",
            "id": "GRDI7KAAOAi",
            "momentum": 0.0016569833169734129,
            "time_fragment_context": "A 75-kilometer (47-mile) line from Afghanistan into Uzbekistan began operating in December 2011."
        },
        {
            "cluster_ids": [
                "EO9YXH7WFYW",
                "BAuX1YEWoUF"
            ],
            "document": {
                "sourceId": {
                    "description": "Comprehensive Real-Time News Feed for Turkmenistan.",
                    "country": "Turkmenistan",
                    "topic": "JxSEs3",
                    "media_type": "JxSEs2",
                    "id": "JtIfnI",
                    "name": "Turkmenistan Newswire"
                },
                "language": "eng",
                "title": "Afghanistan, 2 ex-Soviet nations to build railway",
                "url": "http://www.newstimes.com/news/article/Afghanistan-2-ex-Soviet-nations-to-build-railway-4370698.php",
                "downloaded": "2013-03-21T00:15:05.394Z",
                "published": "2013-03-21T00:03:22.000Z",
                "indexed": "2013-03-21T00:03:22.000Z",
                "id": "JvZBeC"
            },
            "tagged_fragment": "A 75-kilometer (47-mile) line from <e id=B_Fgr>Afghanistan</e> into <i id=GRDI7KAAOAb><e id=B_Mbq>Uzbekistan</e></i> began operating <t>in December 2011</t>.",
            "fragment": "A 75-kilometer (47-mile) line from Afghanistan into Uzbekistan began operating in December 2011.",
            "time_fragment": "in December 2011",
            "stop": "2011-12-31T23:59:59.000Z",
            "item_fragment": "Uzbekistan",
            "precision": "month",
            "start": "2011-12-01T00:00:00.000Z",
            "attributes": {
                "function": "id",
                "binning_id": "GRDI7KAAOAb",
                "hits": 114390,
                "general_positive": 0.0,
                "positive": 0.0,
                "fragment_count": 9,
                "violence": 0.0,
                "negative": 0.0,
                "entity": "B_Mbq",
                "sentiments": {
                    "positive": 0.0,
                    "activism": 0.0,
                    "violence": 0.0,
                    "negative": 0.0,
                    "general_positive": 0.0,
                    "general_negative": 0.0
                },
                "canonic_id": "Cg6NXMt2SVz",
                "general_negative": 0.0
            },
            "time_type": "in",
            "type": "EntityOccurrence",
            "id": "GRDI7KAAOAb",
            "momentum": 0.0016422557621717567,
            "time_fragment_context": "A 75-kilometer (47-mile) line from Afghanistan into Uzbekistan began operating in December 2011."
        }
    ]
}